agency_name,agency_ref,county,program_type,first_month,last_month,total_individuals_served,months_reported
BP - Woodland Elementary - SHBP,02096,Cameron,BackPacks,2024-10-31,2025-05-31,0.0,8
Cameron County Community - FP,01632,Cameron,Food Pantry/TEFAP,2024-07-31,2025-06-30,4898.0,12
DEMO Food Pantry,DEMOAGENCY,Cameron,Food Pantry/TEFAP,2024-10-31,2024-10-31,5.0,1
Food for the Soul,01630,Cameron,Food Pantry/TEFAP,2024-07-31,2025-06-30,2000.0,12
BP - North Clarion Elementary - SHBP,02115,Clarion,BackPacks,2024-10-31,2025-05-31,0.0,8
Clarion First United Methodist Church - FP,01671,Clarion,Food Pantry/TEFAP,2024-07-31,2025-06-30,2377.0,12
Cornerstone Church of God - FP,01651,Clarion,Food Pantry/TEFAP,2024-07-31,2025-06-30,685.0,12
First Presbyterian Church of Clarion - FP,01699,Clarion,Food Pantry/TEFAP,2024-07-31,2025-06-30,1502.0,12
Keystone Smiles Learning Center - O.S.N.E. -At Risk School,04515,Clarion,Non-Emerg. Meal/Snack,2024-07-31,2025-06-30,1334.0,12
Knox Clarion County Food Distribution,01688,Clarion,Food Pantry/TEFAP,2024-07-31,2025-06-30,3540.0,12
North Clarion High School  - SCHOOL PANTRY,09787,Clarion,School Pantry,2024-10-31,2025-05-31,0.0,8
Redbank Valley - FP,01516,Clarion,Food Pantry/TEFAP,2024-07-31,2025-06-30,2558.0,12
Scenic Rivers YMCA Clarion,01678,Clarion,Food Pantry/TEFAP,2025-02-28,2025-06-30,724.0,5
Share-A-Care - FP,01659,Clarion,Food Pantry/TEFAP,2024-07-31,2025-06-30,727.0,12
Strattanville United Methodist Church - FP,07025,Clarion,Produce Express,2024-07-31,2025-06-30,1791.0,12
Zion Jesus - FP,01479,Clarion,Food Pantry/TEFAP,2024-07-31,2025-06-30,3100.0,12
BP - DuBois Area Middle School - SHBP,02094,Clearfield,BackPacks,2024-07-31,2025-05-31,0.0,10
BP - Wasson Elementary - SHBP,02099,Clearfield,BackPacks,2024-10-31,2025-05-31,0.0,8
Clearfield - Military Share,10098,Clearfield,Produce Express,2024-07-31,2025-05-31,696.0,6
Clearfield Ministerium - FP,01639,Clearfield,Food Pantry/TEFAP,2024-07-31,2025-06-30,6804.0,12
DuBois Area - FP,01645,Clearfield,Food Pantry/TEFAP,2024-07-31,2025-01-31,0.0,7
DuBois Area High School - SCHOOL PANTRY,09755,Clearfield,School Pantry,2024-10-31,2025-05-31,0.0,8
Living Bread Ministries - FP,01594,Clearfield,Food Pantry/TEFAP,2024-07-31,2025-06-30,5616.0,12
New Life Center - FP,01689,Clearfield,Food Pantry/No TEFAP,2024-07-31,2025-06-30,1556.0,11
Salvation Army DuBois,01606,Clearfield,Food Pantry/TEFAP,2024-07-31,2025-06-30,4552.0,12
Associated Charities - FP,01431,Crawford,Food Pantry/TEFAP,2024-07-31,2025-06-30,6923.0,12
BP - Cochranton Elementary - SHBP,02118,Crawford,BackPacks,2024-10-31,2025-05-31,0.0,8
BP - First District Elementary - SHBP,02117,Crawford,BackPacks,2024-10-31,2025-05-31,0.0,8
BP - Neason Hill Elementary - SHBP,02121,Crawford,BackPacks,2024-10-31,2025-05-31,0.0,8
BP - Second District Elementary - SHBP,02119,Crawford,BackPacks,2024-10-31,2025-05-31,0.0,8
BP - West End Elementary - SHBP,02120,Crawford,BackPacks,2024-10-31,2025-05-31,0.0,8
Bethesda Youth Services-Youth Rehab,04005,Crawford,Non-Emerg. Meal/Snack,2024-12-31,2024-12-31,26.0,1
Center For Family Services - FP,01255,Crawford,Food Pantry/TEFAP,2024-08-31,2025-06-30,19382.0,11
Centerville Fellowship Church - FP,07002,Crawford,Produce Express,2024-07-31,2025-06-30,1765.0,12
Conneaut Valley - FP,01539,Crawford,Food Pantry/TEFAP,2024-07-31,2025-06-30,6074.0,12
Linesville Area - FP,01524,Crawford,Food Pantry/TEFAP,2024-07-31,2025-06-30,1105.0,12
Meadville - SHFB MOBILE,10711,Crawford,Produce Express,2024-07-31,2025-06-30,2814.0,12
Meadville Family YMCA-Childcare,04589,Crawford,Non-Emerg. Meal/Snack,2024-08-31,2025-04-30,1795.0,8
Oil Valley - FP,01473,Crawford,Food Pantry/TEFAP,2024-07-31,2025-06-30,2697.0,12
Salvation Army Meadville - FP,01554,Crawford,Food Pantry/TEFAP,2024-07-31,2025-06-30,2809.0,12
St James Food Cupboard - FP,01561,Crawford,Food Pantry/TEFAP,2024-07-31,2025-06-30,1271.0,12
St Pauls Lutheran Church - FP,06058,Crawford,Produce Express,2024-07-31,2025-06-30,148.0,8
Trinity Evangelical Lutheran Church - FP,01604,Crawford,Food Pantry/TEFAP,2024-07-31,2025-06-30,617.0,12
United Faith Fellowship COG - FP,01570,Crawford,Food Pantry/TEFAP,2024-07-31,2025-06-30,770.0,11
Victory Family Church- FP,01607,Crawford,Food Pantry/TEFAP,2024-07-31,2025-06-30,10530.0,12
BP - Fox Township Elementary - SHBP,02090,Elk,BackPacks,2024-07-31,2025-05-31,0.0,10
BP - St Marys Elementary - SHBP,02086,Elk,BackPacks,2024-07-31,2025-05-31,0.0,10
Christian Food Bank - FP,01662,Elk,Food Pantry/TEFAP,2024-07-31,2025-06-30,5968.0,12
Helping Hand - FP,01491,Elk,Food Pantry/TEFAP,2024-07-31,2025-06-30,1865.0,12
Johnsonburg Area High School - SCHOOL PANTRY,09781,Elk,School Pantry,2024-10-31,2025-05-31,0.0,8
Keystone Rural Health Food Consortia Food Pantry,01818,Elk,Food Pantry/No TEFAP,2024-07-31,2025-06-30,373.0,9
Ridgway - FP,06084,Elk,Produce Express,2024-07-31,2025-06-30,2004.0,12
Ridgway - SCHOOL PANTRY,09780,Elk,School Pantry,2024-10-31,2025-05-31,0.0,8
Salvation Army Ridgway - FP,01490,Elk,Food Pantry/TEFAP,2024-07-31,2025-06-30,2126.0,12
St Marys Area High School - SCHOOL PANTRY,09788,Elk,School Pantry,2024-10-31,2025-05-31,0.0,8
Adagio Health FP - Erie,01807,Erie,Food Pantry/No TEFAP,2025-06-30,2025-06-30,3.0,1
BP - Asbury Elementary - SHBP,02087,Erie,BackPacks,2024-07-31,2025-05-31,0.0,10
BP - Belle Valley School - SHBP,02081,Erie,BackPacks,2024-07-31,2025-05-31,0.0,10
BP - Community Country Day School - SHBP,02114,Erie,BackPacks,2024-10-31,2025-05-31,0.0,8
BP - Countryside Estates - SHBP,02116,Erie,BackPacks,2024-07-31,2024-08-31,0.0,2
BP - Diehl Elementary School - SHBP,02042,Erie,BackPacks,2024-10-31,2025-05-31,0.0,8
BP - Edison Elementary School - SHBP,02024,Erie,BackPacks,2024-10-31,2025-05-31,0.0,8
BP - Fairview Elementary - SHBP,02113,Erie,BackPacks,2024-10-31,2025-05-31,0.0,8
BP - Grandview Elementary - SHBP,02053,Erie,BackPacks,2024-10-31,2025-05-31,0.0,8
BP - Grover Cleveland - SHBP,02112,Erie,BackPacks,2024-07-31,2025-05-31,0.0,9
BP - Harding Elementary - SHBP,02027,Erie,BackPacks,2024-07-31,2025-05-31,0.0,9
BP - Iroquois Elementary - SHBP,02102,Erie,BackPacks,2024-10-31,2025-05-31,0.0,8
BP - Jefferson Elementary - SHBP,02029,Erie,BackPacks,2024-10-31,2025-05-31,0.0,8
BP - Joanna Connell Elementary - SHBP,02030,Erie,BackPacks,2024-10-31,2025-05-31,0.0,7
BP - Lincoln Elementary - SHBP,02031,Erie,BackPacks,2024-07-31,2025-05-31,0.0,9
BP - McKinley School - SHBP,02022,Erie,BackPacks,2024-10-31,2025-05-31,0.0,8
BP - Mill Village Elementary - SHBP,02074,Erie,BackPacks,2024-10-31,2025-05-31,0.0,8
BP - North East Elementary Center - SHBP,02105,Erie,BackPacks,2024-10-31,2025-05-31,0.0,8
BP - Northwestern Elementary - SHBP,02100,Erie,BackPacks,2024-07-31,2025-05-31,0.0,10
BP - Perry Elementary - SHBP,02033,Erie,BackPacks,2024-10-31,2025-05-31,0.0,8
BP - Pfeiffer Burleigh - SHBP,02034,Erie,BackPacks,2024-10-31,2025-05-31,0.0,8
BP - Robert Benjamin Wiley - SHBP,02056,Erie,BackPacks,2024-10-31,2025-05-31,0.0,8
BP - Robison Elementary - SHBP,02072,Erie,BackPacks,2024-10-31,2025-05-31,0.0,8
BP - Sarah Reed - SHBP,02055,Erie,BackPacks,2024-07-31,2025-05-31,0.0,10
BP - Springfield Elementary - SHBP,02057,Erie,BackPacks,2024-07-31,2025-05-31,0.0,10
BP - Tracy Elementary - SHBP,02078,Erie,BackPacks,2024-07-31,2025-05-31,0.0,10
BP - Union City Elementary - SHBP,02111,Erie,BackPacks,2024-10-31,2025-05-31,0.0,8
BP - Waterford Elementary - SHBP,02073,Erie,BackPacks,2024-10-31,2025-05-31,0.0,8
Bethany Outreach - FP,01521,Erie,Food Pantry/TEFAP,2024-07-31,2025-06-30,10392.0,11
Blessed Sacrament - FP,01009,Erie,Food Pantry/TEFAP,2024-07-31,2025-06-30,1710.0,12
CSFP - DOOR DASH ERIE COUNTY,11209,Erie,Original,2024-10-31,2024-10-31,0.0,1
Cathedral of St Paul - FP,01278,Erie,Food Pantry/TEFAP,2024-07-31,2025-06-30,2859.0,12
Christian Cupboard - FP,01052,Erie,Food Pantry/TEFAP,2024-07-31,2025-06-30,3749.0,12
Church of the Nativity - FP,01474,Erie,Food Pantry/TEFAP,2024-07-31,2025-06-30,681.0,12
Clark Elementary - SCHOOL PANTRY,09765,Erie,BackPacks,2024-10-31,2025-05-31,0.0,8
Community of Caring - FP,01021,Erie,Food Pantry/TEFAP,2024-07-31,2025-06-30,1744.0,11
Community of Caring Diabetic - FP,01266,Erie,Food Pantry/TEFAP,2024-07-31,2025-06-30,367.0,11
Cornerstone Erie Liberty Community Church - FP,01696,Erie,Food Pantry/TEFAP,2024-07-31,2025-06-30,1166.0,12
Corry - SHFB MOBILE,10700,Erie,Produce Express,2024-07-31,2025-06-30,2246.0,11
Corry Area - FP,01027,Erie,Food Pantry/TEFAP,2024-07-31,2025-06-30,4674.0,12
Corry Area High School - SCHOOL PANTRY,09756,Erie,School Pantry,2024-10-31,2025-05-31,0.0,8
Door Dash - SHFB,10715,Erie,Produce Express,2024-07-31,2025-06-30,1572.0,12
East Middle School - SCHOOL PANTRY,09753,Erie,School Pantry,2024-10-31,2025-05-31,0.0,8
Eastbrook Apartments - SHFB MOBILE,10710,Erie,Produce Express,2024-07-31,2025-05-31,2830.0,9
Eastminster Church - SHFB MOBILE,10800,Erie,Produce Express,2024-07-31,2025-06-30,3283.0,11
Edinboro Emergency - FP,01030,Erie,Food Pantry/TEFAP,2024-07-31,2025-06-30,9664.0,12
Elk Valley - SCHOOL PANTRY,09766,Erie,School Pantry,2024-07-31,2025-05-31,0.0,10
Ella Cochran,01084,Erie,Food Pantry/TEFAP,2024-07-31,2025-06-30,4369.0,12
Elmwood Avenue Presbyterian Church - FP,01654,Erie,Food Pantry/TEFAP,2024-07-31,2025-06-30,1369.0,12
Emergency Food Box Donations,12008,Erie,Food Pantry/TEFAP,2024-08-31,2025-01-31,271.0,6
Emmaus Ministries - FP,01031,Erie,Food Pantry/TEFAP,2024-07-31,2025-06-30,15784.0,12
Emmaus Ministries Kids Cafe - SK,03493,Erie,Kids Cafe,2024-12-31,2024-12-31,7.0,1
Erie - Military Share,10086,Erie,Produce Express,2024-07-31,2025-06-30,1827.0,11
Erie High School - SCHOOL PANTRY,09750,Erie,School Pantry,2024-10-31,2025-05-31,0.0,8
Fairview High School - SCHOOL PANTRY,09784,Erie,School Pantry,2024-10-31,2025-05-31,0.0,8
Fairview Middle School  - SCHOOL PANTRY,09783,Erie,School Pantry,2024-10-31,2025-05-31,0.0,8
Fairview Presbyterian - FP,01527,Erie,Food Pantry/TEFAP,2024-07-31,2025-06-30,2903.0,12
Federated Church - FP,06021,Erie,Produce Express,2024-07-31,2025-06-30,1785.0,11
First Alliance Church - FP,01544,Erie,Food Pantry/TEFAP,2024-07-31,2025-06-30,900.0,12
Gannon University,01820,Erie,Food Pantry/No TEFAP,2025-03-31,2025-06-30,390.0,4
Girard High School - SCHOOL PANTRY,09782,Erie,School Pantry,2024-10-31,2025-05-31,0.0,8
Glenwood Methodist Church,01656,Erie,Food Pantry/TEFAP,2024-07-31,2025-06-30,2496.0,12
Harborcreek Youth Services - O.S.N.E.-YR,04058,Erie,Non-Emerg. Meal/Snack,2025-01-31,2025-01-31,55.0,1
Heavenly Pentecostal Mission - FP,01501,Erie,Food Pantry/TEFAP,2024-07-31,2025-06-30,703.0,12
Home House of Erie - FP,01690,Erie,Food Pantry/TEFAP,2024-07-31,2025-06-30,27687.0,12
Iroquois High School - SCHOOL PANTRY,09757,Erie,School Pantry,2024-07-31,2025-05-31,0.0,10
Islamic Association of Erie - FP,01782,Erie,Food Pantry/TEFAP,2024-07-31,2025-06-30,28112.0,12
John F Kennedy Kids Cafe - SK,03505,Erie,Kids Cafe,2024-07-31,2025-06-30,2068.0,7
John Horan Garden Apartments - SHFB MOBILE,10708,Erie,Produce Express,2024-07-31,2025-05-31,2096.0,9
Kearsarge Area - FP,01071,Erie,Food Pantry/TEFAP,2024-07-31,2025-06-30,2302.0,12
Lowville - FP,01140,Erie,Food Pantry/TEFAP,2024-07-31,2025-06-30,1068.0,12
MHEDS,01304,Erie,Food Pantry/TEFAP,2024-07-31,2025-06-30,1499.0,12
Martin Luther King Center - FP,01078,Erie,Food Pantry/TEFAP,2024-07-31,2025-06-30,1230.0,12
McKean Area Food Pantry,01435,Erie,Food Pantry/TEFAP,2025-03-31,2025-06-30,364.0,4
Mercy Anchor Community Center FP,01810,Erie,Food Pantry/TEFAP,2024-07-31,2025-06-30,8570.0,12
Mercy Market- Mercyhurst University,01819,Erie,Food Pantry/No TEFAP,2025-02-28,2025-04-30,59.0,3
Neighborhood Watch #13 Snoops,01533,Erie,Food Pantry/TEFAP,2024-07-31,2025-06-30,445.0,12
North East - SHFB MOBILE,10706,Erie,Produce Express,2024-07-31,2025-06-30,3215.0,12
North East High School  - SCHOOL PANTRY,09785,Erie,School Pantry,2024-10-31,2025-05-31,0.0,8
North East Middle School - SCHOOL PANTRY,09789,Erie,School Pantry,2024-07-31,2025-05-31,0.0,10
Northwestern - FP,01082,Erie,Food Pantry/TEFAP,2024-07-31,2025-06-30,8002.0,12
Northwestern High School - SCHOOL PANTRY,09791,Erie,School Pantry,2024-10-31,2025-05-31,0.0,8
Order Ahead - SHFB,1001337,Erie,Food Pantry/TEFAP,2024-07-31,2025-06-30,425.0,12
Our Lady of Mt Carmel / St Lukes - FP,01294,Erie,Food Pantry/TEFAP,2024-07-31,2025-06-30,1624.0,12
Perseus House - Andromeda ITU-O.S.N.E.-YR,04472,Erie,Non-Emerg. Meal/Snack,2024-07-31,2024-09-30,33.0,2
Perseus House - Andromeda RTF - YR,04232,Erie,Non-Emerg. Meal/Snack,2024-07-31,2025-06-30,74.0,12
Perseus House - Boys Enhanced RTF - YR,04615,Erie,Non-Emerg. Meal/Snack,2024-07-31,2025-06-30,63.0,11
RCCG-Redeemed Christian Church of God,01475,Erie,Food Pantry/TEFAP,2024-07-31,2025-06-30,25.0,5
Rice Avenue Middle School - SCHOOL PANTRY,09758,Erie,School Pantry,2024-07-31,2025-05-31,0.0,10
SECOND HARVEST COOKING CLASSES,04782,Erie,Food Pantry/No TEFAP,2024-08-31,2024-10-31,18.0,2
SERENITY RESOURCE & RECOVERY,01811,Erie,Food Pantry/TEFAP,2025-01-31,2025-06-30,311.0,6
Sacred Heart - FP,01167,Erie,Food Pantry/TEFAP,2024-07-31,2025-06-30,2230.0,12
Salvation Army Corry - FP,01685,Erie,Food Pantry/TEFAP,2024-07-31,2025-06-30,8951.0,12
Salvation Army Social Services,01039,Erie,Food Pantry/TEFAP,2024-07-31,2025-06-30,15584.0,12
Second Baptist Church - FP,01488,Erie,Food Pantry/TEFAP,2024-09-30,2025-06-30,1299.0,10
Shiloh Baptist - FP,01369,Erie,Food Pantry/TEFAP,2024-07-31,2025-06-30,1222.0,11
Sister Pascal - FP,01104,Erie,Food Pantry/TEFAP,2024-07-31,2025-06-30,4239.0,12
St Andrew Church - FP,01187,Erie,Food Pantry/TEFAP,2024-07-31,2025-06-30,2986.0,12
St Ann Church (at Holy Family Church) FP,01092,Erie,Food Pantry/TEFAP,2024-07-31,2025-06-30,1097.0,10
St Boniface Church - FP,01190,Erie,Food Pantry/TEFAP,2024-07-31,2025-06-30,1280.0,12
St George Church - FP,01096,Erie,Food Pantry/TEFAP,2024-07-31,2025-06-30,2047.0,12
St James Church - FP,01329,Erie,Food Pantry/No TEFAP,2024-07-31,2025-06-30,544.0,12
St Johns Lutheran Church - FP,01512,Erie,Food Pantry/TEFAP,2024-07-31,2025-05-31,208.0,6
St Joseph Bread of Life Church - FP,01535,Erie,Food Pantry/TEFAP,2024-07-31,2025-06-30,683.0,12
St Martin Center - FP,01101,Erie,Food Pantry/TEFAP,2024-07-31,2025-06-30,37019.0,12
St Paul Roman Catholic Church - FP,01105,Erie,Food Pantry/TEFAP,2024-07-31,2025-06-30,794.0,12
St Paul's Lutheran Church- FP (Erie),01445,Erie,Food Pantry/TEFAP,2024-08-31,2025-06-30,427.0,11
St Vincent Healthy Food Center -FP,01697,Erie,Food Pantry/No TEFAP,2024-07-31,2025-06-30,2946.0,12
Strong Vincent Middle School - SCHOOL PANTRY,09760,Erie,School Pantry,2024-10-31,2025-05-31,0.0,8
Summit Community - FP,01119,Erie,Food Pantry/TEFAP,2024-07-31,2025-06-30,1651.0,12
Supportive Living Services - Group Home,04411,Erie,Non-Emerg. Meal/Snack,2024-07-31,2024-12-31,29.0,6
Supportive Living Services - Group Home,04412,Erie,Non-Emerg. Meal/Snack,2024-07-31,2024-11-30,470.0,5
Supportive Living Services - Group Home,04413,Erie,Non-Emerg. Meal/Snack,2024-07-31,2024-11-30,30.0,5
Supportive Living Services - Group Home,04420,Erie,Non-Emerg. Meal/Snack,2024-07-31,2024-12-31,776.0,6
Supportive Living Services - Group Home,04456,Erie,Non-Emerg. Meal/Snack,2024-08-31,2024-11-30,18.0,3
Supportive Living Services - Group Home,04481,Erie,Non-Emerg. Meal/Snack,2024-07-31,2024-11-30,30.0,5
Supportive Living Services - Group Home,04534,Erie,Non-Emerg. Meal/Snack,2024-07-31,2024-09-30,14.0,3
Supportive Living Services - Group Home,04542,Erie,Non-Emerg. Meal/Snack,2024-07-31,2024-11-30,30.0,5
Supportive Living Services - Group Home,04543,Erie,Non-Emerg. Meal/Snack,2024-08-31,2024-10-31,15.0,3
Supportive Living Services - Group Home,04558,Erie,Non-Emerg. Meal/Snack,2024-07-31,2024-12-31,39.0,6
Supportive Living Services - Group Home,04569,Erie,Non-Emerg. Meal/Snack,2024-07-31,2024-10-31,19.0,4
Supportive Living Services - Group Home,04570,Erie,Non-Emerg. Meal/Snack,2024-07-31,2024-10-31,24.0,4
Supportive Living Services - Group Home,04633,Erie,Non-Emerg. Meal/Snack,2024-07-31,2024-11-30,25.0,5
Supportive Living Services - Group Home,04634,Erie,Non-Emerg. Meal/Snack,2024-07-31,2024-11-30,30.0,5
TEST AGENCY for pol,99999,Erie,Food Pantry/TEFAP,2024-07-31,2024-07-31,0.0,1
Thursday Group - SHFB MOBILE,10703 - C,Erie,Food Pantry/TEFAP,2024-07-31,2025-06-30,5370.0,12
Tuesday Group - SHFB MOBILE,10703-A,Erie,Food Pantry/TEFAP,2024-07-31,2025-06-30,4090.0,12
Union City - FP,01340,Erie,Food Pantry/TEFAP,2024-07-31,2025-06-30,3576.0,12
Union City - SHFB MOBILE,10702,Erie,Produce Express,2024-07-31,2025-06-30,1816.0,11
Union City Full Gospel Church - FP,01599,Erie,Food Pantry/TEFAP,2024-07-31,2025-06-30,276.0,12
Waterford - FP,01139,Erie,Food Pantry/TEFAP,2024-07-31,2025-06-30,2678.0,12
Wednesday Group - SHFB MOBILE,10703-B,Erie,Food Pantry/TEFAP,2024-07-31,2025-06-30,5964.0,12
Wesleyville Interfaith - FP,01163,Erie,Food Pantry/TEFAP,2024-07-31,2025-06-30,2303.0,12
West Millcreek - FP,01126,Erie,Food Pantry/TEFAP,2024-07-31,2025-06-30,5341.0,12
Wilson Middle School - SCHOOL PANTRY,09752,Erie,School Pantry,2024-07-31,2025-05-31,0.0,10
Women's Care Center- Downtown Office,05245,Erie,Non-Emerg. Meal/Snack,2025-01-31,2025-06-30,166.0,6
Women's Care Center- Peach Street,05246,Erie,Non-Emerg. Meal/Snack,2024-09-30,2024-09-30,12.0,1
Womens Care Center Education Program,05016,Erie,Non-Emerg. Meal/Snack,2024-07-31,2025-06-30,284.0,7
Zem Zem - SHFB MOBILE,10703-D,Erie,Food Pantry/TEFAP,2024-07-31,2025-06-30,2994.0,12
BP - East Forest Elementary - SHBP,02080,Forest,BackPacks,2024-10-31,2025-05-31,0.0,8
BP - West Forest Elementary - SHBP,02051,Forest,BackPacks,2024-10-31,2025-05-31,0.0,7
North Clarion/Marienville - FP,01525,Forest,Food Pantry/TEFAP,2024-07-31,2025-06-30,696.0,12
Western Forest County - FP,01551,Forest,Food Pantry/TEFAP,2024-07-31,2025-06-30,1114.0,12
BP - Hickory Grove - SHBP,02092,Jefferson,BackPacks,2024-10-31,2025-05-31,0.0,8
BP - Pinecreek Elementary - SHBP,02083,Jefferson,BackPacks,2024-10-31,2025-05-31,0.0,8
Brookville Area - FP,01012,Jefferson,Food Pantry/TEFAP,2024-07-31,2025-06-30,7653.0,12
Cross Town Punxy - FP,01595,Jefferson,Food Pantry/TEFAP,2024-07-31,2025-06-30,3859.0,12
Falls Creek Helping Hands - FP,01802,Jefferson,Food Pantry/TEFAP,2024-07-31,2025-06-30,558.0,12
Jefferson - Military Share,10097,Jefferson,Produce Express,2024-08-31,2025-06-30,1222.0,5
Reynoldsville Aid Helping Hands. - FP,01564,Jefferson,Food Pantry/TEFAP,2024-07-31,2025-06-30,1763.0,12
Reynoldsville Area - FP,01603,Jefferson,Food Pantry/TEFAP,2024-07-31,2025-05-31,3330.0,10
BP - Kane Elementary - SHBP,02079,Mckean,BackPacks,2024-10-31,2025-06-30,0.0,9
Church of the Ascension - FP,06047,Mckean,Produce Express,2024-07-31,2025-06-30,2514.0,12
Destinations Bradford - FP,01657,Mckean,Food Pantry/TEFAP,2024-07-31,2025-06-30,3450.0,12
Duke Center United Methodist Church - FP,01801,Mckean,Food Pantry/TEFAP,2024-07-31,2025-06-30,2971.0,12
Evergreen Elm,04772,Mckean,Non-Emerg. Meal/Snack,2024-08-31,2025-06-30,159.0,11
Gathered from the Grove - FP,01676,Mckean,Food Pantry/TEFAP,2024-07-31,2025-06-30,1871.0,11
Kane Area - FP,01598,Mckean,Food Pantry/TEFAP,2024-07-31,2025-06-30,3151.0,12
Kane Area Community Center,04771,Mckean,Non-Emerg. Meal/Snack,2024-07-31,2025-06-30,1322.0,12
Mount Jewett Hunger Project,01814,Mckean,Food Pantry/TEFAP,2024-07-31,2025-06-30,292.0,12
Port Allegany - FP,01730,Mckean,Food Pantry/TEFAP,2024-07-31,2025-06-30,1173.0,11
Salvation Army Bradford - FP,01566,Mckean,Food Pantry/TEFAP,2024-07-31,2025-06-30,2278.0,12
Smethport- FP Christian Community Services,01684,Mckean,Food Pantry/TEFAP,2024-07-31,2025-06-30,1562.0,12
St Elizabeth of Hungary - FP,07024,Mckean,Produce Express,2024-08-31,2025-06-30,1198.0,6
YWCA Bradford - FP,01646,Mckean,Food Pantry/TEFAP,2024-07-31,2024-07-31,60.0,1
Adagio Health FP- Venango,01809,Venango,Food Pantry/No TEFAP,2024-07-31,2024-07-31,0.0,1
BP - Central Elementary School - SHBP,02095,Venango,BackPacks,2024-10-31,2025-05-31,0.0,8
BP - Hasson Heights - SHBP,02058,Venango,BackPacks,2024-10-31,2025-05-31,0.0,8
BP - Sandycreek Elementary - SHBP,02110,Venango,BackPacks,2024-07-31,2025-05-31,0.0,10
BP - Victory Elementary - SHBP,02109,Venango,BackPacks,2024-07-31,2025-05-31,0.0,10
Chapel on the Hill - FP,07004,Venango,Produce Express,2024-07-31,2025-05-31,231.0,5
Community Services of Venango State Grant,01025,Venango,Food Pantry/No TEFAP,2024-07-31,2024-10-31,2262.0,4
Cranberry Area - FP,01562,Venango,Food Pantry/TEFAP,2024-08-31,2025-06-30,4414.0,11
Cranberry Jr/Sr High School - SCHOOL PANTRY,09790,Venango,School Pantry,2024-07-31,2025-05-31,0.0,10
Franklin - Military Share,10095,Venango,Produce Express,2024-07-31,2025-06-30,4136.0,11
OIL CITY COMMUNITY SERVICES OF VENANGO,01026,Venango,Food Pantry/TEFAP,2024-07-31,2025-06-30,11707.0,12
Oil City Middle School - SCHOOL PANTRY,09744,Venango,School Pantry,2024-09-30,2025-05-31,0.0,9
Pleasantville Methodist Church - FP,07020,Venango,Produce Express,2024-07-31,2025-06-30,1094.0,12
ROCKY GROVE COMMUNITY SERVICES OF VENANGO,01617,Venango,Food Pantry/TEFAP,2024-07-31,2025-06-30,3454.0,12
St Elizabeth Center - FP,01442,Venango,Food Pantry/TEFAP,2024-07-31,2025-06-30,4271.0,12
St John Episcopal Church - FP,01540,Venango,Food Pantry/TEFAP,2024-07-31,2025-06-30,5262.0,12
St Patrick Church - FP,01534,Venango,Food Pantry/TEFAP,2024-07-31,2025-06-30,2337.0,11
The Crossing Free Methodist Church - FP,01503,Venango,Food Pantry/TEFAP,2024-07-31,2025-06-30,956.0,12
BP - Eisenhower Elementary School - SHBP,02077,Warren,BackPacks,2024-10-31,2025-04-30,0.0,7
BP - Sheffield Area Elementary - SHBP,02070,Warren,BackPacks,2024-10-31,2025-05-31,0.0,8
BP - Tidioute Community Charter School - SHBP,02075,Warren,BackPacks,2024-10-31,2025-05-31,0.0,8
BP - Warren Area Elementary - SHBP,02076,Warren,BackPacks,2024-10-31,2025-05-31,0.0,8
BP - Youngsville Elementary - SHBP,02071,Warren,BackPacks,2024-10-31,2025-05-31,0.0,8
Beatty Warren Middle School - SCHOOL PANTRY,09745,Warren,School Pantry,2024-10-31,2025-06-30,0.0,8
Eisenhower Middle/High School - SCHOOL PANTRY,09743,Warren,School Pantry,2024-10-31,2025-05-31,0.0,8
First Church of the Nazarene - FP,01358,Warren,Food Pantry/TEFAP,2024-07-31,2025-06-30,2169.0,12
First Lutheran Church  - FP,07008,Warren,Produce Express,2024-07-31,2025-06-30,2498.0,12
Free Methodist Church - FP,07010,Warren,Produce Express,2024-08-31,2025-06-30,1529.0,6
Holy Archangels Orthodox Foundation Food Pantry,01816,Warren,Food Pantry/TEFAP,2024-07-31,2025-05-31,58.0,8
Otterbein Global Methodist Church - FP,07016,Warren,Produce Express,2024-07-31,2025-05-31,647.0,6
Salvation Army Warren - FP,01265,Warren,Food Pantry/TEFAP,2025-01-31,2025-05-31,666.0,3
Sheffield Area - FP,01216,Warren,Food Pantry/TEFAP,2024-07-31,2025-06-30,1828.0,12
Sheffield Area Middle/High School - SCHOOL PANTRY,09678,Warren,School Pantry,2024-10-31,2025-05-31,0.0,8
Sugar Grove Free Methodist Church,01609,Warren,Food Pantry/TEFAP,2024-07-31,2025-06-30,2324.0,12
Tidioute Fire Hall - SHFB MOBILE,10704,Warren,Produce Express,2024-08-31,2025-06-30,624.0,6
Warren - Military Share,10091,Warren,Produce Express,2024-08-31,2025-06-30,892.0,6
Warren - SHFB MOBILE,10707,Warren,Food Pantry/TEFAP,2024-07-31,2025-06-30,1518.0,9
Warren Area High School - SCHOOL PANTRY,09746,Warren,School Pantry,2024-07-31,2025-04-30,0.0,10
Women's Care Center - Warren,05978,Warren,Non-Emerg. Meal/Snack,2024-07-31,2024-07-31,39.0,1
Youngsville 2nd Street FP,01526,Warren,Food Pantry/TEFAP,2024-07-31,2025-06-30,5173.0,12
Youngsville High School - SCHOOL PANTRY,09742,Warren,School Pantry,2024-09-30,2025-05-31,0.0,9
