agency_ref,agency_name,program_type,county,address,city,postal_code,lat,lon,is_pickup,geocode_source
01807,Adagio Health FP - Erie,Food Pantry,Erie,3530 PEACH ST SUITE 120,ERIE,16508,42.100204531285,-80.080103244633,False,census
01809,Adagio Health FP- Venango,Food Pantry,Venango,3292 PA-257,SENECA,16346,41.381738346537,-79.703476545711,False,census
01431,Associated Charities - FP,Food Pantry,Crawford,419  E. CENTRAL AVE,TITUSVILLE,16354,41.627520456177,-79.666173864607,True,census
03608,AVVC - Allegheny Valley Veterans Center,Shelter,Warren,100 North Main Street,Clarendon,16313,41.782365741568,-79.096143084588,False,census
09745,Beatty Warren Middle School - SCHOOL PANTRY ,School Pantry,Warren,2 EAST THIRD AVENUE,WARREN,16365,41.847820662926,-79.138186993295,False,census
05002,Benetwood Apartments-O.S.N.E.-Residence Seniors,Other,Erie,641 TROUPE ROAD,HARBORCREEK,16421,42.177368281161,-79.975800589508,True,census
01521,Bethany Outreach - FP,Food Pantry,Erie,204 West 11th Street,ERIE,16501,42.123091089186,-80.085898966537,True,census
04005,Bethesda Youth Services-Youth Rehab,Other,Crawford,15667 STATE HIGHWAY 86,MEADVILLE,16335,41.686594029924,-80.126315051318,False,census
01009,Blessed Sacrament - FP,Food Pantry,Erie,1626 W. 26TH ST.,ERIE,16502,42.099045032926,-80.108677863309,True,census
02087,BP - Asbury Elementary - SHBP ,BackPacks,Erie,5875  STERRETTANIA ROAD,FAIRVIEW,16415,42.04549538447,-80.17295585513,False,census
02081,BP - Belle Valley School - SHBP ,BackPacks,Erie,5300 HENDERSON ROAD,ERIE,16509,42.099368334971,-80.024815471314,False,census
02095,BP - Central Elementary School - SHBP ,BackPacks,Venango,1276 OTTER STREET,FRANKLIN,16323,41.39971532421,-79.828881287131,False,census
02122,BP - Clarion First United Methodist Church -SHBP,BackPacks,Clarion,600 WOOD STREET,CLARION,16214,41.212885663623,-79.384716075037,False,census
02118,BP - Cochranton Elementary - SHBP ,BackPacks,Crawford,11280 MERCER PIKE,MEADVILLE,16335,,,False,failed
02114,BP - Community Country Day School - SHBP ,BackPacks,Erie,5800 OLD ZUCK RD,ERIE,16506,42.060888731251,-80.116774265993,False,census
02116,BP - Countryside Estates - SHBP,BackPacks,Erie,2 SHARON DRIVE,MCKEAN,16426,42.02304309419,-80.130650162246,False,census
02123,BP - Crawford Central School District -SHBP,BackPacks,Crawford,505 Poplar Street,Meadville,16335,41.632905583293,-80.146883167959,False,census
02042,BP - Diehl Elementary School - SHBP ,BackPacks,Erie,2327 FAIRMONT PKWY,ERIE,16510,42.134042556453,-80.023400013298,False,census
02094,BP - DuBois Area Middle School - SHBP ,BackPacks,Clearfield,404 LIBERTY BOULEVARD,DUBOIS,15801,,,False,failed
02080,BP - East Forest Elementary - SHBP ,BackPacks,Forest,120 WEST BIRCH STREET,MARIENVILLE,16239,41.472742464663,-79.124073376763,False,census
02024,BP - Edison Elementary School - SHBP ,BackPacks,Erie,1921 EASTLAKE ROAD,ERIE,16510,,,False,failed
02077,BP - Eisenhower Elementary School - SHBP ,BackPacks,Warren,3700 ROUTE 957,RUSSELL,16345,41.961716702056,-79.203845750063,False,census
02050,BP - Erie School District,BackPacks,Erie,148 WEST 21ST STREET,ERIE,16502,42.115183161693,-80.078883076246,False,census
02113,BP - Fairview Elementary - SHBP ,BackPacks,Erie,5145 Avonia Road,FAIRVIEW,16415,42.023287464538,-80.250158531249,False,census
02117,BP - First District Elementary - SHBP,BackPacks,Crawford,11280 MERCER PIKE,MEADVILLE,16335,,,False,failed
02090,BP - Fox Township Elementary - SHBP,BackPacks,Elk,376 MAIN STREET,KERSEY,15846,41.362025983376,-78.603618059598,False,census
02053,BP - Grandview Elementary - SHBP,BackPacks,Erie,4301 LANCASTER ROAD,ERIE,16506,42.071148814084,-80.135551555941,False,census
02112,BP - Grover Cleveland - SHBP,BackPacks,Erie,1540 W 38th St,ERIE,16508,42.090062203684,-80.099556086776,False,census
02027,BP - Harding Elementary - SHBP,BackPacks,Erie,820 LINCOLN AVENUE,ERIE,16505,42.113286521463,-80.121881213118,False,census
02058,BP - Hasson Heights - SHBP,BackPacks,Venango,716 E. SECOND STREET,OIL CITY,16301,41.425920253307,-79.70360023838,False,census
02092,BP - Hickory Grove - SHBP,BackPacks,Jefferson,104 JENKS STREET -- THIS IS HICKORY,BROOKVILLE,15825,41.174101676555,-79.090739791419,False,census
02102,BP - Iroquois Elementary - SHBP,BackPacks,Erie,4231 MORSE STREET,ERIE,16511,42.153798862126,-80.013147145632,False,census
02029,BP - Jefferson Elementary - SHBP,BackPacks,Erie,230 EAST 38TH STREET,ERIE,16504,42.104123468478,-80.0618950865,False,census
02030,BP - Joanna Connell Elementary - SHBP,BackPacks,Erie,1820 EAST 38TH STREET,ERIE,16510,42.116630715176,-80.027799852486,False,census
02079,BP - Kane Elementary - SHBP,BackPacks,Mckean,400 WEST HEMLOCK AVENUE,KANE,16735,41.655732373622,-78.812091051935,False,census
02031,BP - Lincoln Elementary - SHBP,BackPacks,Erie,831 EAST 31ST STREET,ERIE,16504,42.116045571423,-80.048192818134,False,census
02124,BP - McKean Elementary School,BackPacks,Erie,5120 WEST ROAD,MCKEAN,16426,41.996866042481,-80.145168585047,False,census
02022,BP - McKinley School - SHBP,BackPacks,Erie,933 E 22ND STREET,ERIE,16503,42.122800200787,-80.055078924364,False,census
02074,BP - Mill Village Elementary - SHBP,BackPacks,Erie,2757 E. CENTER STREET,MILL VILLAGE,16427,,,False,failed
02121,BP - Neason Hill Elementary - SHBP,BackPacks,Crawford,11280 MERCER PIKE,MEADVILLE,16335,,,False,failed
02115,BP - North Clarion Elementary - SHBP,BackPacks,Clarion,10537 ROUTE 36,TIONESTA,16353,41.395198443834,-79.35754278947,False,census
02105,BP - North East Elementary Center - SHBP,BackPacks,Erie,50 EAST DIVISION STREET,NORTH EAST,16428,42.219076181395,-79.830065099347,False,census
02100,BP - Northwestern Elementary - SHBP,BackPacks,Erie,10450 JOHN WILLIAMS AVENUE,ALBION,16401,41.891592628824,-80.351515873776,False,census
02033,BP - Perry Elementary - SHBP ,BackPacks,Erie,955 WEST 29TH STREET,ERIE,16508,42.102193022779,-80.091583035083,False,census
02034,BP - Pfeiffer Burleigh - SHBP,BackPacks,Erie,235 EAST 11TH STREET,ERIE,16503,42.126141933735,-80.077332868825,False,census
02083,BP - Pinecreek Elementary - SHBP,BackPacks,Jefferson,16771 ROUTE 322,BROOKVILLE,15825,41.148913209615,-79.027108259461,False,census
02056,BP - Robert Benjamin Wiley - SHBP,BackPacks,Erie,1446 EAST LAKE ROAD,ERIE,16507,42.141278837151,-80.054588490082,False,census
02072,BP - Robison Elementary - SHBP,BackPacks,Erie,1651 ROBISON ROAD,ERIE,16509,42.046923945945,-80.067673660969,False,census
02110,BP - Sandycreek Elementary - SHBP,BackPacks,Venango,297 PONE LANE,FRANKLIN,16323,41.370147581531,-79.846218081969,False,census
02055,BP - Sarah Reed - SHBP,BackPacks,Erie,2931 HARVARD ROAD,ERIE,16508,42.095529601836,-80.110101625496,False,census
02119,BP - Second District Elementary - SHBP,BackPacks,Crawford,11280 MERCER PIKE,MEADVILLE,16335,,,False,failed
02070,BP - Sheffield Area Elementary - SHBP,BackPacks,Warren,6760 ROUTE 6,SHEFFIELD,16347,,,False,failed
02057,BP - Springfield Elementary - SHBP,BackPacks,Erie,11911 BOND STREET,EAST SPRINGFIELD,16411,41.964413311238,-80.405171153664,False,census
02086,BP - St Marys Elementary - SHBP,BackPacks,Elk,370 S SAINT MARY'S STREET,ST MARYS,15857,41.424303030898,-78.561171418868,False,census
02075,BP - Tidioute Community Charter School - SHBP,BackPacks,Warren,241 MAIN STREET,TIDIOUTE,16351,41.68312258677,-79.402222362367,False,census
02078,BP - Tracy Elementary - SHBP,BackPacks,Erie,2624 WEST 6TH STREET,ERIE,16505,42.108033099822,-80.143053876225,False,census
02111,BP - Union City Elementary - SHBP,BackPacks,Erie,91 MILES STREET,UNION CITY,16438,41.88974921942,-79.84593081214,False,census
02109,BP - Victory Elementary - SHBP,BackPacks,Venango,1819 GEORGETOWN ROAD,HARRISVILLE,16038,41.213832748719,-79.942198492372,False,census
02076,BP - Warren Area Elementary - SHBP,BackPacks,Warren,343 EAST FIFTH AVENUE,WARREN,16365,41.855285423795,-79.135067107291,False,census
02073,BP - Waterford Elementary - SHBP,BackPacks,Erie,323 CHERRY STREET,WATERFORD,16441,41.943098220599,-79.982879147465,False,census
02120,BP - West End Elementary - SHBP,BackPacks,Crawford,11280 MERCER PIKE,MEADVILLE,16335,,,False,failed
02051,BP - West Forest Elementary - SHBP,BackPacks,Forest,22318 ROUTE 62,TIONESTA,16353,41.546805569782,-79.431169037461,False,census
02096,BP - Woodland Elementary - SHBP,BackPacks,Cameron,603 WOODLAND AVENUE,EMPORIUM,15834,41.513205802829,-78.246036760553,False,census
02071,BP - Youngsville Elementary - SHBP,BackPacks,Warren,232 SECOND AVENUE,YOUNGSVILLE,16371,41.850047431388,-79.326235343515,False,census
01012,Brookville Area - FP,Food Pantry,Jefferson,142 ALLEGHENY BOULEVARD PO BOX 62,BROOKVILLE,15825,41.158298462073,-79.098592215592,True,census
01632,Cameron County Community - FP,Food Pantry,Cameron,135 WEST 4TH STREET PO BOX 389,EMPORIUM,15834,41.511312688644,-78.240580744339,True,census
01278,Cathedral of St Paul - FP,Food Pantry,Erie,134 WEST 7TH STREET,ERIE,16501,42.127759724075,-80.086567187246,False,census
01255,Center For Family Services - FP,Food Pantry,Crawford,205 Walnut Street,MEADVILLE,16335,41.640343972798,-80.153780782541,True,census
07002,Centerville Fellowship Church - FP,Just In Time,Crawford,18786 ERIE STREET,CENTERVILLE,16404,41.738993341365,-79.764094780175,False,census
07004,Chapel on the Hill - FP,Just In Time,Venango,6202 EMLENTON CLINTONVILLE ROAD,EMLENTON,16373,41.177519007171,-79.745867506315,False,census
01052,Christian Cupboard - FP,Food Pantry,Erie,260 EAST MAIN STREET P.O. Box 106,GIRARD,16417,42.002816537577,-80.313717444739,True,census
01662,Christian Food Bank - FP,Food Pantry,Elk,817 SOUTH MICHAEL STREET,ST MARYS,15857,41.420390898797,-78.545631159474,True,census
06047,Church of the Ascension - FP,Just In Time,Mckean,26 CHAUTAUQUA PLACE PO BOX  337,BRADFORD,16701,41.955548521148,-78.65188099811,False,census
01474,Church of the Nativity - FP,Food Pantry,Erie,109 GERMAN STREET,ERIE,16507,42.136455401524,-80.082188669667,False,census
03017,City Mission Shelter - SK,Soup Kitchen,Erie,1023 FRENCH STREET,ERIE,16501,42.125767549439,-80.081034398581,True,census
01671,Clarion First United Methodist Church - FP,Food Pantry,Clarion,600 WOOD STREET,CLARION,16214,41.212885663623,-79.384716075037,True,census
09765,Clark Elementary - SCHOOL PANTRY ,School Pantry,Erie,3650 DEPOT ROAD,ERIE,16510,42.147629227175,-79.938988009699,False,census
10098,Clearfield - Military Share,Produce Express,Clearfield,1004 S Main St,Dubois,15801,41.111047509852,-78.777249056625,False,census
01639,Clearfield Ministerium - FP,Food Pantry,Clearfield,212 HAMMERMILL RD,CLEARFIELD,16830,41.025427640162,-78.416084022595,True,census
09793,Collegiate Academy - SCHOOL PANTRY,School Pantry,Erie,2825 STATE STREET,ERIE,16508,,,False,failed
01021,Community of Caring - FP,Food Pantry,Erie,261 EAST 21ST STREET,ERIE,16503,42.117921296318,-80.071115644582,True,census
01266,Community of Caring Diabetic - FP,Food Pantry,Erie,261 EAST 21ST STREET,ERIE,16503,42.117921296318,-80.071115644582,False,census
03020,Community of Caring- SH,Shelter,Erie,245 EAST 8TH STREET P.O. BOX 204,ERIE,16512,42.129204644715,-80.079051102727,True,census
01583,Community Pantry Project - FP,Food Pantry,Venango,211 FRANKLIN ST. P.O. BOX 248,Kennerdell,16374,,,True,failed
03022,Community Shelter Service,Shelter,Erie,652 WEST 17TH STREET,ERIE,16502,42.114010983216,-80.093041583388,True,census
01539,Conneaut Valley - FP,Food Pantry,Crawford,140 S MAIN STREET,SPRINGBORO,16406,41.800217289014,-80.368640841107,True,census
01651,Cornerstone Church of God - FP,Food Pantry,Clarion,129 PINE STREET,FAIRMOUNT CITY,16224,41.011456883754,-79.28774349675,False,census
01696,Cornerstone Erie Liberty Community Church - FP,Food Pantry,Erie,2220 WAYNE STREET,ERIE,16503,42.121516929155,-80.058054161458,True,census
10700,Corry - SHFB MOBILE,Produce Express,Erie,650 WORTH STREET,CORRY,16407,41.932390071401,-79.651904160023,False,census
01027,Corry Area - FP,Food Pantry,Erie,1318 WEST MAIN ST. EXT. PO BOX 236,CORRY,16407,41.91668388425,-79.654451549932,True,census
09756,Corry Area High School - SCHOOL PANTRY ,School Pantry,Erie,534 EAST PLEASANT STREET,CORRY,16407,41.919431320007,-79.627096568899,False,census
01562,Cranberry Area - FP,Food Pantry,Venango,224 SOUTH MAIN STREET P.O.BOX 446,SENECA,16346,41.378767426994,-79.702260895199,True,census
09790,Cranberry Jr/Sr High School - SCHOOL PANTRY ,School Pantry,Venango,1 EDUCATION DRIVE,SENECA,16346,41.366853541634,-79.709415441908,False,census
01595,Cross Town Punxy - FP,Food Pantry,Jefferson,WOODLAND AVE UM CHURCH 201 WOODLAND AVE,PUNXSUTAWNEY,15767,40.943775366771,-78.961957757369,True,census
11184,CSFP - 4 NINE,Other,Erie,103 CLAY STREET,NORTH EAST,16428,42.213622187246,-79.829759821622,False,census
11005,CSFP - ALLEGHENY HILLS RETIREMENT RESIDENCE,Other,Clarion,421 KELLYS WAY,EAST BRADY,16214,40.987173093069,-79.615992621412,False,census
11206,CSFP - ASSOCIATED CHARITIES,Other,Crawford,419 EAST CENTRAL AVE,TITUSVILLE,16354,41.627520456177,-79.666173864607,False,census
11117,CSFP - BARNETT BUILDING: ALBION,Other,Erie,32 WEST PEARL,ALBION,16401,41.892361599265,-80.36793272863,False,census
11022,CSFP - BARTLETT GARDENS,Other,Crawford,257 SOUTH MAIN ST.,CAMBRIDGE SPRINGS,16403,41.802808203731,-80.058062726757,False,census
11130,CSFP - BATTLES VILLAGE APARTMENTS,Other,Erie,203 MAIN STREET,GIRARD,16417,41.998705268064,-80.320648354533,False,census
11159,CSFP - BETHANY OUTREACH CENTER,Other,Erie,204 W 11th STREET,ERIE,16503,42.123091089186,-80.085898966537,False,census
11020,CSFP - BILLIE BROWN BUILDING,Other,Crawford,227 WATER ST.,TITUSVILLE,16354,41.625131182656,-79.66860050337,False,census
11006,CSFP - BROADWOOD TOWERS,Other,Clarion,400 BROAD STREET,NEW BETHLEHEM,16242,41.0014020761,-79.331359697682,False,census
11068,CSFP - BROOKVILLE AREA FOOD PANTRY,Other,Jefferson,142 ALLEGHENY BLVD PO BOX 62,BROOKVILLE,15825,41.158298462073,-79.098592215592,False,census
11095,CSFP - CANTERBURY COURT,Other,Warren,310 LIBERTY STREET,WARREN,16365,41.846540920194,-79.147731561883,False,census
11201,CSFP - CASCADE VILLAGE,Other,Jefferson,219 WEST LIBERTY STREET,SYKESVILLE,15865,41.04816624333,-78.823107585391,False,census
11074,CSFP - CENTRAL TOWERS: MCKEAN,Other,Mckean,130 GREEVES STREET,KANE,16735,41.659927629272,-78.80812928566,False,census
11099,CSFP - CHARITABLE DEEDS,Other,Clarion,260 HIGH POINT RD,KNOX,16232,41.188625083143,-79.544528689135,False,census
11008,CSFP - CHERRY RUN ESTATES,Other,Clarion,514 CHESTNUT STREET,RIMERSBURG,16248,41.041779170681,-79.504377806974,False,census
11168,CSFP - CHRIST EPISCOPAL CHURCH,Other,Venango,16 CENTRAL AVENUE,OIL CITY,16301,41.428676199739,-79.71116453614,False,census
11217,CSFP - CLARION FIRST UNITED METHODIST CHURCH FOOD PANTRY,Other,Clarion,600 WOOD STREET,CLARION,16214,41.212885663623,-79.384716075037,False,census
11142,CSFP - COLLEGE VIEW MANOR APARTMENTS,Other,Erie,65 N PEARL STREET,NORTH EAST,16428,42.216888709924,-79.837246285399,False,census
11085,CSFP - COMMUNITY SERVICES OF VENANGO,Other,Venango,203 CENTER STREET,OIL CITY,16301,41.434130574285,-79.707711708342,False,census
11096,CSFP - CONEWANGO TOWERS,Other,Warren,108 OAK STREET,WARREN,16365,41.841766443749,-79.139876520689,False,census
11186,"CSFP - CONNEAUT VALLEY FOOD PANTRY, INC.",Other,Crawford,140 SOUTH MAIN STREET,SPRINGBORO,16435,41.800217289014,-80.368640841107,False,census
11133,CSFP - CORRY AREA FOOD PANTRY,Other,Erie,PO Box 236,Corry,16407,,,False,failed
11091,CSFP - CRANBERRY AREA FOOD PANTRY,Other,Venango,224 SOUTH MAIN ST.,CRANBERRY,16346,41.378767426994,-79.702260895199,False,census
11208,CSFP - CURRY-SCHELL APARTMENTS,Other,Erie,3909 SCHAPER AVENUE,ERIE,16509,42.083890604404,-80.11293739126,False,census
11030,CSFP - DAN DICKINSON APARTMENTS: ELK COUNTY HOUSING AUTHORITY,Other,Elk,101 N. MILL STREET,RIDGWAY,15853,41.422671824247,-78.732235221181,False,census
11112,CSFP - DECATUR VILLAGE,Other,Clearfield,65 IRWIN DRIVE,PHILIPSBURG,16866,40.900665313148,-78.235393496511,False,census
11200,CSFP - DESTINATIONS BRADFORD,Other,Mckean,1 MAIN STREET,BRADFORD,16701,41.955909465153,-78.651265430577,False,census
11209,CSFP - DOOR DASH ERIE COUNTY,Other,Erie,1507 GRIMM DRIVE,ERIE,16501,42.109986923832,-80.112965835997,False,census
11103,CSFP - DOOR DASH VENANGO COUNTY @ CHRIST UNITED METHODIST CHURCH,Other,Venango,1127 CHESTNUT ST. CHURCH PARKING LOT,FRANKLIN,16323,41.394535371268,-79.829202456847,False,census
11013,CSFP - DUBOIS AREA FOOD PANTRY,Other,Clearfield,228 1ST STREET,DUBOIS,15801,41.130039178326,-78.757552239677,False,census
11031,CSFP - DUFFY APARTMENTS: ELK COUNTY HOUSING AUTHORITY,Other,Elk,424 WATER ST EXT PO BOX 100,JOHNSONBURG,15845,41.500585935146,-78.695014290853,False,census
11114,CSFP - EDINBORO FOOD PANTRY,Other,Erie,WILEY HALL,EDINBORO,16412,,,False,failed
11036,CSFP - ELK TOWERS,Other,Elk,185 CENTER ST,ST MARYS,15857,41.427610918441,-78.563645749594,False,census
11131,CSFP - ELK VALLEY MANOR,Other,Erie,5181 WESTGATE DRIVE,GIRARD,16417,42.006368036328,-80.302899501647,False,census
11001,CSFP - EMPORIUM ARMS,Other,Cameron,324 WEST 4TH STREET,EMPORIUM,15834,41.511200211679,-78.244561997197,False,census
11178,CSFP - ENDLESS MOUNTAINS METHODIST CHURCH,Other,Cameron,306 SOUTH SPRUCE STREET,EMPORIUM,15834,41.51146338191,-78.23143179388,False,census
11088,CSFP - FRANKLIN TOWERS,Other,Venango,1220 CHESTNUT STREET URBAN INNOVATIONS,FRANKLIN,16323,41.395762471846,-79.830247367124,False,census
11137,CSFP - FREE METHODIST CHURCH,Other,Warren,210 JAMESTOWN STREET,SUGAR GROVE,16350,41.986338514354,-79.333680589872,False,census
11041,CSFP - FRIENDSHIP APARTMENTS,Other,Erie,111 EAST 11 TH STREET,ERIE,16501,42.125181679081,-80.079933964671,False,census
11214,CSFP - GATHERED FROM THE GROVE FOOD PANTRY,Other,Mckean,12 KNAPP ROAD,PORT ALLEGANY,16743,,,False,failed
11059,CSFP - GRANDVIEW MANOR,Other,Erie,4210 DAVISON,ERIE,16504,42.109984271721,-80.030259258991,False,census
11098,CSFP - HAWK RUN APARTMENTS,Other,Clearfield,140 6TH STREET,CLEARFIELD,16840,40.923140860743,-78.200178878193,False,census
11210,CSFP - HAWK RUN APARTMENTS: PARKING LOT,Other,Clearfield,140 SIXTH STREET,CLEARFIELD,16840,40.923140860743,-78.200178878193,False,census
11181,CSFP - HIGHLAND VILLAGE APARTMENTS,Other,Erie,12220 YMCA DR.,EDINBORO,16412,41.881166111326,-80.154208175462,False,census
11062,CSFP - HIGHPOINT TOWERS,Other,Erie,2314 SASSAFRAS STREET,ERIE,16502,42.112883094632,-80.078948247353,False,census
11027,CSFP - HOLLAND TOWERS,Other,Crawford,1120 MARKET ST.,MEADVILLE,16335,41.633184891735,-80.155619779447,False,census
11113,CSFP - JEFFERSON STREET HIGHRISE,Other,Jefferson,201 N JEFFERSON STREET,PUNXSUTAWNEY,15767,40.944662535985,-78.97031493832,False,census
11060,CSFP - JOHN F. KENNEDY CENTER,Other,Erie,2021 E 20 TH STREET,ERIE,16510,42.133765681077,-80.032419755603,False,census
11197,CSFP - JOHN HORAN GARDEN APARTMENTS,Other,Erie,730 TACOMA ROAD,ERIE,16511,42.144446450015,-80.037667614046,False,census
11077,CSFP - KANE AREA COMMUNITY CENTER,Other,Mckean,46 FRALEY STREET,KANE,16735,41.653800751129,-78.810994644473,False,census
11004,CSFP - LIBERTY TOWERS,Other,Clarion,624 LIBERTY STREET,CLARION,16214,41.214910752413,-79.382768399721,False,census
11163,CSFP - LIFE NWPA,Other,Erie,121 WEST 12TH STREET,ERIE,16502,42.122733368972,-80.083137455957,False,census
11127,CSFP - LINESVILLE AREA FOOD PANTRY,Other,Crawford,401 SOUTH MERCER STREET,LINESVILLE,16424,41.65197146845,-80.425433857806,False,census
11203,CSFP - LIVING BREAD MINISTRIES,Other,Clearfield,628 DAISY ST,CLEARFIELD,16830,41.028554343455,-78.42961347883,False,census
11087,CSFP - LUTHER PLACE APARTMENTS,Other,Venango,1 SYCAMORE STREET,OIL CITY,16301,41.433563334421,-79.708833011346,False,census
11162,CSFP - MAHONING TOWERS,Other,Jefferson,300 E. MAHONING,PUNXSUTAWNEY,15767,40.944395162802,-78.968012164606,False,census
11037,CSFP - METHODIST TOWERS,Other,Erie,160 W 8TH STREET,ERIE,16501,42.126266694494,-80.08734712874,False,census
11211,CSFP - MOUNT JEWETT HILLTOP HERITAGE COALITION,Other,Mckean,1 GALLUP AVE. MT JEWETT FIRE HALL,MT. JEWETT,16740,41.724845247494,-78.640663258023,False,census
11155,CSFP - NORTH CLARION/MARIENVILLE FOOD PANTRY,Other,Forest,201 NORTH FOREST STREET,MARIENVILLE,16239,41.471610822483,-79.123484020974,False,census
11069,CSFP - NORTH FORK HEIGHTS,Other,Jefferson,22 SPRUCE STREET,BROOKVILLE,15825,41.157853265628,-79.072145102424,False,census
11042,CSFP - OSTROW APARTMENTS,Other,Erie,4220 DAVISON AVENUE,ERIE,16504,42.109798782434,-80.030141738655,False,census
11172,CSFP - PALFUND ASSOCIATION,Other,Crawford,201 MCHALE DRIVE,LINESVILLE,16424,41.655028117921,-80.425765140433,False,census
11017,CSFP - PARK AVENUE TOWERS,Other,Clearfield,420 PARK AVENUE,CURWENSVILLE,16833,40.965163902719,-78.519520105654,False,census
11144,CSFP - PLEASANT MANOR APARTMENTS,Other,Erie,251 W PLEASANT STREET,CORRY,16407,41.918132795182,-79.643063780871,False,census
11187,CSFP - REGENCY COMMONS,Other,Clarion,157 SOUTH 5TH AVE.,CLARION,16214,41.210346911145,-79.388620897321,False,census
11039,CSFP - RICHFORD ARMS APARTMENTS,Other,Erie,515 STATE STREET,ERIE,16501,42.13008309453,-80.085576387507,False,census
11220,CSFP - ROCKY GROVE,Other,Venango,39 PARKER AVE,FRANKLIN,16323,41.410410047552,-79.824971372969,False,census
11051,CSFP - SAINT JOSEPH APARTMENTS,Other,Erie,517 MARYLAND AVE,ERIE,16501,42.114112091674,-80.129785185918,False,census
11093,CSFP - SAINT JOSEPH CHURCH,Other,Warren,608 PENNSYLVANIA AVENUE WEST,WARREN,16365,41.845484292171,-79.153539141183,False,census
11035,CSFP - SAINT JOSEPH'S TERRACE,Other,Elk,45 PLUM STREET,WEEDVILLE,15868,41.275639456879,-78.496558238248,False,census
11111,CSFP - SAINT MICHAEL TERRACE,Other,Clearfield,111 W. LONG AVE,DUBOIS,15801,41.119758326951,-78.76367281305,False,census
11213,CSFP - SAINT PATRICK CHURCH FOOD PANTRY,Other,Venango,952 BUFFALO STREET,FRANKLIN,16323,41.392097017316,-79.826189113385,False,census
11212,CSFP - SAINT PAUL LUTHERAN CHURCH - CAMBRIDGE SPRINGS,Other,Crawford,124 SNOW ALLEY,CAMBRIDGE SPRINGS,16403,,,False,failed
11115,CSFP - SALSBURY APARTMENTS,Other,Erie,4004 PACIFIC AVENUE,ERIE,16506,42.08189209184,-80.119637010614,False,census
11082,CSFP - SALVATION ARMY: BRADFORD,Other,Mckean,111 JACKSON AVE. P.O. BOX 314,BRADFORD,16701,41.961901063,-78.647353567403,False,census
11160,"CSFP - SALVATION ARMY: ELK COUNTY (RIDGWAY, PA)",Other,Elk,245 MAIN STREET,RIDGWAY,15853,41.421888188652,-78.730108324428,False,census
11058,CSFP - SALVATION ARMY: ERIE,Other,Erie,1022 LIBERTY STREET,ERIE,16502,42.118938763563,-80.099483049725,False,census
11192,CSFP - SALVATION ARMY: PUNXSUTAWNEY,Other,Jefferson,229 WEST MAHONING STREET,PUNXSUTAWNEY,15767,40.943079029336,-78.973117270008,False,census
11125,CSFP - SAMARITANS OF CONNEAUT LAKE,Other,Crawford,155 SOUTH 9TH STREET,CONNEAUT LAKE,16335,41.60313874472,-80.313379733346,False,census
11040,CSFP - SCHMID TOWERS,Other,Erie,153 E 6TH STREET,ERIE,16501,42.130339869717,-80.082607261729,False,census
11216,CSFP - SECOND STREET FOOD PANTRY,Other,Warren,18 2ND STREET,YOUNGSVILLE,16371,41.852670903953,-79.320071755123,False,census
11218,CSFP - SHEFFIELD AREA FOOD PANTRY,Other,Warren,18 LEATHER STREET,SHEFFIELD,16347,41.701999830875,-79.033102660976,False,census
11120,CSFP - SHFB SENIOR FOOD BOX DISTRIBUTION,Other,Erie,1507 GRIMM DRIVE,ERIE,16501,42.109986923832,-80.112965835997,False,census
11105,CSFP - STONE UMC: MEADVILLE,Other,Crawford,956 S MAIN STREET,MEADVILLE,16335,41.637059878283,-80.150632765856,False,census
11219,CSFP - STRATTANVILLE METHODIST CHURCH,Other,Clarion,441 WASHINGTON STREET,STRATTANVILLE,16258,41.203408890693,-79.32709340281,False,census
11202,CSFP - SUNRISE TERRACE,Other,Jefferson,724 WILLOW ST,REYNOLDSVILLE,15851,41.092720963242,-78.884314841526,False,census
11073,CSFP - SYCAMORE APARTMENTS,Other,Jefferson,505 SYCAMORE ST.,PUNXSUTAWNEY,15767,40.94870653227,-78.982275999156,False,census
11149,CSFP - THE FEDERATED CHURCH,Other,Erie,11995 MAIN STREET,EAST SPRINGFIELD,16411,41.965023913113,-80.407403885927,False,census
11065,CSFP - THE FOUNDRY,Other,Jefferson,45 WEST MAIN STREET,REYNOLDSVILLE,15851,41.099904882397,-78.89317033502,False,census
11123,CSFP - TIDIOUTE TOWERS,Other,Warren,174 MAIN ST.,TIDIOUTE,16351,41.683425531232,-79.410293597834,False,census
11067,CSFP - TOBY TERRACE,Other,Jefferson,717 MAIN STREET,BROCKWAY,15824,41.248396232966,-78.794684174967,False,census
11038,CSFP - TULLIO TOWERS,Other,Erie,21 W 9TH STREET,ERIE,16501,42.126338483735,-80.083581391206,False,census
11152,CSFP - UNION CITY FULL GOSPEL CHURCH,Other,Erie,7605 ROUTE 97,UNION CITY,16438,41.904579407891,-79.884315832582,False,census
11145,CSFP - UNION CITY SENIOR CENTER,Other,Erie,27 JOHNSON STREET,UNION CITY,16438,41.891901542941,-79.846344312145,False,census
11173,CSFP - VILLA APARTMENTS,Other,Erie,819 WEST 8TH STREET,ERIE,16502,42.121015602044,-80.101225967614,False,census
11183,CSFP - WATERFORD AREA FOOD PANTRY,Other,Erie,140 W 6TH STREET,WATERFORD,16441,41.946305305319,-79.983799348748,False,census
11161,CSFP - WEST MILLCREEK FOOD PANTRY,Other,Erie,WESTMINSTER PRESBYTERIAN CHURCH 3642 WEST 26TH STREET,ERIE,16506,42.081165947346,-80.156388313637,False,census
11156,CSFP - WESTERN FOREST COUNTY FOOD PANTRY,Other,Forest,219 ELM STREET,TIONESTA,16353,41.491823275289,-79.456528414655,False,census
01657,Destinations Bradford - FP,Food Pantry,Mckean,1 MAIN STREET,BRADFORD,16701,41.955909465153,-78.651265430577,True,census
10715,Door Dash - SHFB,Food Pantry,Erie,1507 GRIMM DR,ERIE,16501,42.109986923832,-80.112965835997,False,census
01645,DuBois Area - FP,Food Pantry,Clearfield,228 FIRST STREET,DUBOIS,15801,41.130039178326,-78.757552239677,True,census
09755,DuBois Area High School - SCHOOL PANTRY ,School Pantry,Clearfield,425 ORIENT AVENUE,DUBOIS,15801,41.126566851773,-78.746928135785,False,census
01801,Duke Center United Methodist Church - FP,Food Pantry,Mckean,26 OIL VALLEY RD,DUKE CENTER,16729,41.955926084484,-78.481974374388,True,census
09753,East Middle School - SCHOOL PANTRY ,School Pantry,Erie,1001 ATKINS ST,ERIE,16503,42.137255087233,-80.062664369465,False,census
10710,Eastbrook Apartments - SHFB MOBILE,Produce Express,Erie,FOOT OF WHITLEY AVENUE INTERSECTION EAST 19TH STREET,ERIE,16511,,,False,failed
10800,Eastminster Church - SHFB MOBILE,Produce Express,Erie,2320 EAST LAKE RD,ERIE,16511,42.147384520897,-80.037784343177,False,census
01030,Edinboro Emergency - FP,Food Pantry,Erie,200 Cooper Ln FOR MAILING USE: P.O. BOX 631,EDINBORO,16412,,,True,failed
09743,Eisenhower Middle/High School - SCHOOL PANTRY ,School Pantry,Warren,3700 ROUTE 957,RUSSELL,16345,41.961716702056,-79.203845750063,False,census
09766,Elk Valley - SCHOOL PANTRY ,School Pantry,Erie,2556 MAPLE AVENUE,LAKE CITY,16423,42.010710665288,-80.345181685872,False,census
01084,Ella Cochran,Food Pantry,Erie,837 BARTLETT RD. OUR LADY OF MERCY,HARBORCREEK,16421,42.177492130444,-79.953112395608,True,census
01654,Elmwood Avenue Presbyterian Church - FP,Food Pantry,Erie,2816 ELMWOOD AVE.,ERIE,16508,42.100306808219,-80.09902715593,False,census
09792,Emerson-Gridley - SCHOOL PANTRY,School Pantry,Erie,816 NORTH PARK AVE,ERIE,16502,42.123522689388,-80.102887689391,False,census
03583,Emmanuel Church of the Nazarene - SK,Soup Kitchen,Clearfield,569 FORSYTH ROAD,DUBOIS,15801,41.102126293391,-78.717279481993,False,census
03605,Emmaus Haven of Venango - Shelter,Shelter,Venango,580 COLBERT AVE.,OIL CITY,16301,41.420152972564,-79.693624784659,False,census
01031,Emmaus Ministries - FP,Food Pantry,Erie,216 EAST 11 TH ST,ERIE,16503,42.126088578527,-80.077809745949,False,census
03032,Emmaus Ministries - SK,Soup Kitchen,Erie,218 EAST 11 STREET,ERIE,16503,42.126104879692,-80.077766135869,False,census
10086,Erie - Military Share,Produce Express,Erie,1507 GRIMM DRIVE,ERIE,16501,42.109986923832,-80.112965835997,False,census
09750,Erie High School - SCHOOL PANTRY ,School Pantry,Erie,3325 CHERRY ST,ERIE,16508,42.101233548878,-80.082907242241,False,census
04772,Evergreen Elm,Other,Mckean,8 ELM STREET,BRADFORD,16701,41.952912393015,-78.650609717812,False,census
09784,Fairview High School - SCHOOL PANTRY ,School Pantry,Erie,7466 McCray Road,FAIRVIEW,16415,42.019005726639,-80.246536183897,False,census
09783,Fairview Middle School  - SCHOOL PANTRY ,School Pantry,Erie,4967 Avonia Road,FAIRVIEW,16415,42.024569505753,-80.250975770307,False,census
01527,Fairview Presbyterian - FP,Food Pantry,Erie,4264 AVONIA ROAD P.O. BOX 340,FAIRVIEW,16415,42.02915371937,-80.254083673704,True,census
01802,Falls Creek Helping Hands - FP,Food Pantry,Jefferson,48 CHURCH STREET,FALLS CREEK,15840,41.145030745807,-78.797942558595,False,census
03607,Family & Community Christian Association FCCA,Soup Kitchen,Crawford,378 CHESTNUT STREET,MEADVILLE,16335,41.637206489525,-80.148762640629,False,census
06021,Federated Church - FP,Just In Time,Erie,11995 MAIN STREET,EAST SPRINGFIELD,16411,41.965023913113,-80.407403885927,False,census
01544,First Alliance Church - FP,Food Pantry,Erie,2939 ZIMMERLY ROAD,ERIE,16506,42.063016643427,-80.123789257599,True,census
01358,First Church of the Nazarene - FP,Food Pantry,Warren,907 PENNSYLVANIA AVE E,WARREN,16365-2958,41.838863804596,-79.132501061554,True,census
07008,First Lutheran Church  - FP,Just In Time,Warren,109 W. 3RD AVENUE,WARREN,16365,41.846751250554,-79.144664817826,False,census
01699,First Presbyterian Church of Clarion - FP,Food Pantry,Clarion,700 WOOD STREET,CLARION,16214,,,True,failed
01630,Food for the Soul,Food Pantry,Cameron,306 SOUTH SPRUCE STREET,EMPORIUM,15834,41.51146338191,-78.23143179388,True,census
10095,Franklin - Military Share,Produce Express,Venango,36 ELK STREET,FRANKLIN,16323,,,False,failed
07010,Free Methodist Church - FP,Just In Time,Warren,210 JAMESTOWN ST PO BOX 596,SUGAR GROVE,16350,41.986338514354,-79.333680589872,False,census
01719,Friendship Baptist Church,Food Pantry,Erie,1719 Cascade Street,Erie,16502,42.111509558608,-80.099043903096,False,census
03491,Friendship Table Inc. - SK,Soup Kitchen,Mckean,21 EAST CORYDON ST. PO BOX 1245,BRADFORD,16701,41.954781191125,-78.650710953266,True,census
01820,Gannon University,Non-Emerg. Meal/Snack,Erie,824 Peach Street,Erie,16501,42.12666496155,-80.085197491832,False,census
01676,Gathered from the Grove - FP,Food Pantry,Mckean,12 KNAPP ROAD PO BOX 292,PORT ALLEGANY,16743,,,True,failed
03025,Gaudenzia Community House - SH,Shelter,Erie,521 WEST 7TH STREET,ERIE,16502,42.124169717504,-80.095936819047,False,census
01821,GCFG - Greater Calvary Full Gospel Baptist Church FP,Food Pantry,Erie,2624 German Street,Erie,16504,42.113912046687,-80.067356381106,True,census
09782,Girard High School - SCHOOL PANTRY ,School Pantry,Erie,1135 Lake St.,GIRARD,16417,42.006415393416,-80.334083859343,False,census
01656,Glenwood Methodist Church,Food Pantry,Erie,2931 MYRTLE ST,ERIE,16508,42.106777159403,-80.077699354734,False,census
09797,Harbor Creek Jr. High School - SCHOOL PANTRY,School Pantry,Erie,6375 BUFFALO RD,HARBOR CREEK,16424,42.165611399365,-79.955763656444,False,census
04058,Harborcreek Youth Services - O.S.N.E.-YR,Youth Program,Erie,5712 IROQUOIS AVENUE,HARBORCREEK,16421,,,False,failed
01790,HEALTHY PANTRY INITIATIVE,Other,Erie,1507 GRIMM DRIVE,ERIE,16501,42.109986923832,-80.112965835997,False,census
01501,Heavenly Pentecostal Mission - FP,Food Pantry,Erie,1612 SASSAFRAS ST PO BOX 345,ERIE,16512,42.118592592298,-80.082711248308,False,census
01491,Helping Hand - FP,Food Pantry,Elk,409 CENTER STREET,JOHNSONBURG,15845,41.490632236453,-78.675984646032,True,census
01816,Holy Archangels Orthodox Foundation Food Pantry,Food Pantry,Warren,15485 Rt. 6,Clarendon,16313,41.820492464937,-79.111049415623,True,census
01482,Holy Trinity Lutheran - FP,Food Pantry,Erie,643 WEST 17TH STREET,ERIE,16502,42.113989042428,-80.092745697515,True,census
03495,Holy Trinity Lutheran - SK,Soup Kitchen,Erie,643 WEST 17TH STREET,ERIE,16502,42.113989042428,-80.092745697515,True,census
01690,Home House of Erie - FP,Food Pantry,Erie,1861 BUFFALO RD,ERIE,16510,42.131489959851,-80.036039586126,True,census
09757,Iroquois High School - SCHOOL PANTRY ,School Pantry,Erie,4301 MAIN STREET,ERIE,16511,42.151391411897,-80.012355632532,False,census
01782,Islamic Association of Erie - FP,Food Pantry,Erie,2419 HOLLAND ST,ERIE,16503,42.114840202224,-80.070782985875,False,census
10097,Jefferson - Military Share,Produce Express,Jefferson,1514 PA-28,BROOKVILLLE,15825,41.170245010498,-79.044038562252,False,census
03505,John F Kennedy Kids Cafe - SK,Other,Erie,2021 EAST 20TH STREET,ERIE,16510,42.133765681077,-80.032419755603,False,census
10708,John Horan Garden Apartments - SHFB MOBILE,Produce Express,Erie,730 TACOMA ROAD PLAYGROUND IS DISTRIBUTION LOCATION,ERIE,16511,42.144446450015,-80.037667614046,False,census
09781,Johnsonburg Area High School - SCHOOL PANTRY ,School Pantry,Elk,315 HIGH SCHOOL ROAD,JOHNSONBURG,15845,41.503999582987,-78.682239254057,False,census
01598,Kane Area - FP,Food Pantry,Mckean,118 HAINES STREET,KANE,16735,41.662571862326,-78.809390138086,False,census
04771,Kane Area Community Center,Youth Program,Mckean,46 FRALEY STREET,KANE,16735,41.653800751129,-78.810994644473,True,census
01071,Kearsarge Area - FP,Food Pantry,Erie,2402 WEST GRANDVIEW BLVD C/O ABIDING HOPE CHURCH,ERIE,16506,42.075992393468,-80.115739939236,True,census
01818,Keystone Rural Health Food Consortia Food Pantry,Food Pantry,Elk,49 Ridgmont Drive Suite 1,Ridgway,15853,,,True,failed
04515,Keystone Smiles Learning Center - O.S.N.E. -At Risk School,Other,Clarion,525 MAIN STREET PO BOX 352,KNOX,16232,41.235265889346,-79.537314602823,True,census
09798,Klein Elementary - SCHOOL PANTRY,School Pantry,Erie,5325 EAST LAKE RD,ERIE,16511,42.171104111105,-79.996358605367,False,census
01688,Knox Clarion County Food Distribution,Food Pantry,Clarion,260 HIGH POINT ROAD,KNOX,16232,41.188625083143,-79.544528689135,True,census
01524,Linesville Area - FP,Food Pantry,Crawford,401 SOUTH MERCER STREET,LINESVILLE,16424,41.65197146845,-80.425433857806,True,census
01594,Living Bread Ministries - FP,Food Pantry,Clearfield,628 DAISY STREET,CLEARFIELD,16830,41.028554343455,-78.42961347883,True,census
01140,Lowville - FP,Food Pantry,Erie,13427 RT 8,WATTSBURG,16442,42.024723859215,-79.822219843948,True,census
03602,Maria House Projects - SH,Other,Warren,630 HYDE ROAD,SPARTANSBURG,16434,41.836755677108,-79.578950946178,True,census
01653,Market Place- SHFB,Food Pantry,Erie,803 East Ave,Erie,16503,42.135595838132,-80.061570587472,False,census
01078,Martin Luther King Center - FP,Food Pantry,Erie,312 CHESTNUT STREET,ERIE,16507,42.129045738553,-80.095641979647,True,census
01435,McKean Area Food Pantry,Food Pantry,Erie,4950 North Main Street,McKean,16426,42.000955496418,-80.140776665187,False,census
10711,Meadville - SHFB MOBILE,Produce Express,Crawford,800 Thurston Road,MEADVILLE,16335,41.629599781688,-80.12000575979,False,census
04589,Meadville Family YMCA-Childcare,Other,Crawford,356 CHESTNUT STREET,MEADVILLE,16335,41.637372277708,-80.149561906949,False,census
12004,"Meals on Wheels, Blizzard Bags",Food Pantry,Erie,1128 STATE STREET,ERIE,16501,42.124165258431,-80.081808085337,False,census
03610,MENTAL HEALTH ASSOCIATION,Soup Kitchen,Erie,1101 Peach Street,Erie,16501,42.123960886868,-80.083225441829,True,census
01810,Mercy Anchor Community Center FP,Food Pantry,Erie,1012 E. 28th,Erie,16504,42.118675343695,-80.049600047085,True,census
03239,Mercy Center For Women - SH,Shelter,Erie,1039 EAST 27TH STREET,ERIE,16504,42.11948183177,-80.049802440436,True,census
01819,Mercy Market- Mercyhurst University,Non-Emerg. Meal/Snack,Erie,3809 BRIGGS AVE APT 6,ERIE,16546,42.107425766139,-80.052274170117,True,census
01304,MHEDS,Food Pantry,Erie,2928 PEACH STREET,ERIE,16508,42.107087638105,-80.076516030314,False,census
09796,Montessori Regional Charter School - SCHOOL PANTRY,School Pantry,Erie,2549 W 8TH ST,ERIE,16505,42.107584622393,-80.13762916316,False,census
01814,Mount Jewett Hunger Project,Food Pantry,Mckean,1 Boyd Street,McKean,16740,41.725271657314,-78.639209069544,True,census
01533,Neighborhood Watch #13 Snoops,Food Pantry,Erie,1401 WALLACE STREET,ERIE,16503,42.126022954853,-80.069265948131,False,census
01689,New Life Center - FP,Food Pantry,Clearfield,111 S. 2ND STREET,PHILIPSBURG,16866,40.895294315929,-78.220865349524,True,census
09787,North Clarion High School  - SCHOOL PANTRY ,School Pantry,Clarion,10439 ROUTE 36,TIONESTA,16353,41.395164014972,-79.355827890881,False,census
01525,North Clarion/Marienville - FP,Food Pantry,Forest,201 NORTH FOREST STREET,MARIENVILLE,16239,41.471610822483,-79.123484020974,False,census
10706,North East - SHFB MOBILE,Produce Express,Erie,10300 WEST MAIN STREET GRAVEL PIT PARK,NORTH EAST,16428,,,False,failed
09785,North East High School  - SCHOOL PANTRY ,School Pantry,Erie,1901 Freeport Road,NORTH EAST,16428,,,False,failed
09789,North East Middle School - SCHOOL PANTRY ,School Pantry,Erie,1903 FREEPORT RD,NORTH EAST,16428,42.223010035046,-79.833224107129,False,census
01082,Northwestern - FP,Food Pantry,Erie,1 ROBB & POWELL AVE,ALBION,16401,41.890050376407,-80.365496174262,True,census
09791,Northwestern High School - SCHOOL PANTRY,School Pantry,Erie,200 HARTHAN WAY,ALBION,16401,41.888896182583,-80.353783665472,False,census
01026,OIL CITY COMMUNITY SERVICES OF VENANGO,Food Pantry,Venango,203 CENTER STREET,OIL CITY,16301,41.434130574285,-79.707711708342,True,census
09744,Oil City Middle School - SCHOOL PANTRY ,School Pantry,Venango,10 LYNCH BLVD,OIL CITY,16301,41.431816843459,-79.68294405867,False,census
01473,Oil Valley - FP,Food Pantry,Crawford,11994 CHURCH RUN ROAD,TITUSVILLE,16354,41.641916060743,-79.663655330236,True,census
1001337,Order Ahead - SHFB,Other,Erie,1507 GRIMM DR,ERIE,16501,42.109986923832,-80.112965835997,True,census
07016,Otterbein Global Methodist Church - FP,Just In Time,Warren,258 DALRYMPLE STREET,PITTSFIELD,16340,41.836174265974,-79.382800174509,False,census
01294,Our Lady of Mt Carmel / St Lukes - FP,Food Pantry,Erie,1553 EAST GRANDVIEW BLVD.,ERIE,16510,42.108041882005,-80.028846581153,True,census
04472,Perseus House - Andromeda ITU-O.S.N.E.-YR,Youth Program,Erie,1510 State Street,Erie,16501,42.120979997017,-80.079674246296,True,census
04232,Perseus House - Andromeda RTF - YR,Youth Program,Erie,643  East 6th,Erie,16507,42.134622481809,-80.071083794567,True,census
04615,Perseus House - Boys Enhanced RTF - YR,Youth Program,Erie,132 WEST 26TH STREET,ERIE,16508,42.111161583733,-80.075774926602,True,census
04545,PERSEUS HOUSE - BOYS RTF-O.S.N.E.-YOUTH REHAB,Youth Program,Erie,516 WEST 7TH STREET,ERIE,16502,42.124306157485,-80.095914429966,True,census
04614,Perseus House - Brighter Horizons - YR,Youth Program,Erie,6101 WEST ROAD,MCKEAN,16426,41.998144630876,-80.169576868916,True,census
04044,PERSEUS HOUSE - Girls Enhanced RTF,Youth Program,Erie,643 EAST 6 STREET,ERIE,16507,42.134622481809,-80.071083794567,False,census
07020,Pleasantville Methodist Church - FP,Just In Time,Venango,102 MERRICK ST.,PLEASANTVILLE,16341,41.597018807595,-79.580929624768,False,census
01730,Port Allegany - FP ,Food Pantry,Mckean,65 TABER AVE.,PORT ALLEGANY,16743,41.815513770712,-78.284340034196,False,census
09795,Punxsutawney High School - SCHOOL PANTRY,School Pantry,Jefferson,500 N FINDLEY ST,PUNXSUTAWNEY,15767,40.949236943839,-78.977460077473,False,census
01475,RCCG-Redeemed Christian Church of God,Food Pantry,Erie,1654 W GORE RD,ERIE,16509,42.079573115751,-80.095493169309,True,census
01516,Redbank Valley - FP,Food Pantry,Clarion,441 BROAD STREET P.O. BOX 75,NEW BETHLEHEM,16242,41.001668856892,-79.330510497745,False,census
01564,Reynoldsville Aid Helping Hands. - FP,Food Pantry,Jefferson,329 JACKSON ST.,REYNOLDSVILLE,15851,41.097174526049,-78.890918675223,True,census
01603,Reynoldsville Area - FP,Food Pantry,Jefferson,344 E. MAIN STREET P.O. BOX 146 -- send all mail here,REYNOLDSVILLE,15851,41.097486216413,-78.889291967639,True,census
09758,Rice Avenue Middle School - SCHOOL PANTRY ,School Pantry,Erie,1100 RICE AVENUE,GIRARD,16417,42.009156587754,-80.329580231609,False,census
06084,Ridgway - FP,Just In Time,Elk,30  N BROAD STREET FireHall,RIDGWAY,15853,41.422786510008,-78.729709884242,False,census
09780,Ridgway - SCHOOL PANTRY ,School Pantry,Elk,1403 HILL STREET,RIDGWAY,15853,41.432364799951,-78.719196784062,False,census
01617,ROCKY GROVE COMMUNITY SERVICES OF VENANGO,Food Pantry,Venango,39 PARKER AVENUE,FRANKLIN,16323,41.410410047552,-79.824971372969,True,census
09799,Rolling Ridge Elementary - SCHOOL PANTRY,School Pantry,Erie,3700 RIDGE PARKWAY,ERIE,16510,42.138804668459,-79.997210825104,False,census
01167,Sacred Heart - FP,Food Pantry,Erie,816 WEST 26TH STREET,ERIE,16508,42.10561528729,-80.090866730887,True,census
03064,Safe Journey - SH,Shelter,Erie,25 WEST HIGH STREET PO BOX 208,UNION CITY,16438,41.899452282115,-79.847827381022,False,census
03161,Safenet,Shelter,Erie,1702 FRENCH ST,ERIE,16501,42.119709597393,-80.077130953935,True,census
01566,Salvation Army Bradford - FP,Food Pantry,Mckean,111 JACKSON AVE,BRADFORD,16701,41.961901063,-78.647353567403,False,census
01685,Salvation Army Corry - FP,Food Pantry,Erie,127 WEST WASHINGTON ST.,CORRY,16407,41.921725807097,-79.642859727734,True,census
03288,Salvation Army Corry - SK,Soup Kitchen,Erie,127 WEST WASHINGTON STREET,CORRY,16407,41.921725807097,-79.642859727734,True,census
01606,Salvation Army DuBois,Food Pantry,Clearfield,119 S. JARED STREET- P.O. BOX 246,DUBOIS,15801,41.119013958101,-78.765655761411,True,census
01554,Salvation Army Meadville - FP,Food Pantry,Crawford,1087 PARK AVE.,MEADVILLE,16335,41.633860483567,-80.154174887692,True,census
01490,Salvation Army Ridgway - FP,Food Pantry,Elk,245 MAIN STREET,RIDGWAY,15853,41.421888188652,-78.730108324428,True,census
01039,Salvation Army Social Services,Food Pantry,Erie,1022 LIBERTY STREET,ERIE,16502,42.118938763563,-80.099483049725,True,census
03507,Salvation Army Venango County - SK,Soup Kitchen,Venango,700 North Bell Avenue P.O. Box 742,Carnegie,15106,40.416916741896,-80.088792629197,True,census
01265,Salvation Army Warren - FP,Food Pantry,Warren,311 BEECH STREET,WARREN,16365-1816,41.844439751708,-79.158663191325,False,census
03462,SALVATION ARMY WARREN-S.K.,Soup Kitchen,Warren,311 BEECH STREET,WARREN,16365-1816,41.844439751708,-79.158663191325,False,census
01678,Scenic Rivers YMCA Clarion,Food Pantry,Clarion,499 Mayfield Road,Clarion,16214,41.190613065146,-79.384635775659,False,census
01488,Second Baptist Church - FP,Food Pantry,Erie,757 EAST 26TH STREET,ERIE,16504,42.118247451698,-80.056205875322,False,census
04782,SECOND HARVEST COOKING CLASSES,Non-Emerg. Meal/Snack,Erie,1507 GRIMM DRIVE,ERIE,16501,42.109986923832,-80.112965835997,False,census
09794,Seneca Highlands - SCHOOL PANTRY,School Pantry,Elk,4 Erie Ave,St. Marys,15857,41.428248036472,-78.560287551127,False,census
01811,SERENITY RESOURCE & RECOVERY,Food Pantry,Erie,18 West 9th Street,Erie,16502,42.126458273013,-80.083603085857,True,census
01659,Share-A-Care - FP,Food Pantry,Clarion,399 MAIN STREET,RIMERSBURG,16248,41.03981621785,-79.504331425543,False,census
01216,Sheffield Area - FP,Food Pantry,Warren,18 LEATHER ST,SHEFFIELD,16347,41.701999830875,-79.033102660976,False,census
09678,Sheffield Area Middle/High School - SCHOOL PANTRY ,School Pantry,Warren,6760 ROUTE 6,SHEFFIELD,16347,,,False,failed
12000,SHFB INTERNAL USAGE,Other,Erie,1507 GRIMM DRIVE,ERIE,16501,42.109986923832,-80.112965835997,False,census
10703,SHFB MOBILE - SHFB,Produce Express,Erie,SECOND HARVEST FOOD BANK 1507 GRIMM DRIVE,ERIE,16501,42.109986923832,-80.112965835997,False,census
10701,SHFB MOBILE FP AT ERIE WEST,Produce Express,Erie,606 WEST 2ND STREET,ERIE,16507,42.128391076302,-80.101318045932,False,census
01369,Shiloh Baptist - FP,Food Pantry,Erie,901 EAST 5 STREET,ERIE,16507,42.137777061174,-80.065913379828,False,census
01104,Sister Pascal - FP,Food Pantry,Erie,130 EAST 4TH STREET ST PATRICK CHURCH,ERIE,16507,42.132242302214,-80.084503020801,False,census
03497,Sisters of St Joseph Neighborhood Network - SK,Soup Kitchen,Erie,425 WEST 18TH STREET 453 WEST 16TH IS WHERE SK IS RUN,ERIE,16502,42.115103404038,-80.087028579746,False,census
01684,Smethport- FP Christian Community Services,Food Pantry,Mckean,210 FULTON STREET,SMETHPORT,16749,41.808761495861,-78.445551791969,False,census
01187,St Andrew Church - FP,Food Pantry,Erie,1116 WEST 7TH STREET,ERIE,16502,42.119813933401,-80.108156512447,True,census
01092,St Ann Church (at Holy Family Church) FP,Food Pantry,Erie,630 Hess,ERIE,16503,42.139220311811,-80.057372915062,True,census
01190,St Boniface Church - FP,Food Pantry,Erie,9333 TATE ROAD,ERIE,16509,42.063397197943,-79.978044855103,True,census
01442,St Elizabeth Center - FP,Food Pantry,Venango,311 EMERALD STREET,OIL CITY,16301,,,True,failed
07024,St Elizabeth of Hungary - FP,Just In Time,Mckean,307 FRANKIN ST.,SMETHPORT,16749,41.809689717909,-78.444190990413,False,census
01096,St George Church - FP,Food Pantry,Erie,5145 PEACH ST.,ERIE,16509,42.078678499476,-80.091494252235,False,census
01329,St James Church - FP,Food Pantry,Erie,2635 BUFFALO ROAD,ERIE,16510,42.137705354133,-80.020646174577,False,census
03557,St James Community - SK,Soup Kitchen,Crawford,112 E. MAIN ST.,TITUSVILLE,16354,41.628352089151,-79.673068812166,True,census
01561,St James Food Cupboard - FP,Food Pantry,Crawford,112 E. MAIN ST.,TITUSVILLE,16354,41.628352089151,-79.673068812166,False,census
01540,St John Episcopal Church - FP,Food Pantry,Venango,P.O. Box 550 1145 BUFFALO STREET,FRANKLIN,16323,41.396149454996,-79.82870965603,True,census
01512,St Johns Lutheran Church - FP,Food Pantry,Erie,2216 PEACH STREET,ERIE,16502,42.114561626325,-80.077108852551,False,census
01535,St Joseph Bread of Life Church - FP,Food Pantry,Erie,147 WEST 24TH STREET,ERIE,16502,42.112655205895,-80.07715498126,True,census
01505,St Joseph Church - FP,Food Pantry,Warren,600 PENNSYLVANIA AVENUE WEST,WARREN,16365-2204,41.845496943375,-79.15339470655,False,census
03498,St Joseph Church - SK,Soup Kitchen,Warren,600 PENNSYLVANIA AVE WEST,WARREN,16365-2204,41.845496943375,-79.15339470655,True,census
01101,St Martin Center - FP,Food Pantry,Erie,1701 PARADE STREET,ERIE,16503,42.122440672988,-80.069815082669,True,census
09788,St Marys Area High School - SCHOOL PANTRY ,School Pantry,Elk,977 S. ST MARYS ROAD,ST MARYS,15857,41.402235973143,-78.560389040187,False,census
01534,St Patrick Church - FP,Food Pantry,Venango,1436 Liberty St. ATTN: DIANE BOAL,FRANKLIN,16323,41.398408463194,-79.834806539898,False,census
01105,St Paul Roman Catholic Church - FP,Food Pantry,Erie,1617 WALNUT STREET,ERIE,16502,42.115956360048,-80.089719062623,False,census
06058,St Pauls Lutheran Church - FP,Just In Time,Crawford,25812 MT PLEASANT RD.,CAMBRIDGE SPRINGS,16403,41.832649130486,-80.079631639806,False,census
01445,St Paul's Lutheran Church- FP (Erie),Food Pantry,Erie,3108 Sterrettania Rd,Erie,16506,42.08153589209,-80.141024937752,True,census
01697,St Vincent Healthy Food Center -FP,Food Pantry,Erie,311 WEST 24TH Suite 305,ERIE,16502,42.111208124153,-80.081100004498,False,census
07025,Strattanville United Methodist Church - FP,Just In Time,Clarion,401 WASHINGTON STREET,STRATTANVILLE,16258,41.203363518959,-79.326585226717,False,census
09760,Strong Vincent Middle School - SCHOOL PANTRY ,School Pantry,Erie,1330 WEST 8TH STREET,ERIE,16502,42.116979318208,-80.112611789989,False,census
01609,Sugar Grove Free Methodist Church,Food Pantry,Warren,210 JAMESTOWN STREET P.O. BOX 596,SUGAR GROVE,16350,41.986338514354,-79.333680589872,True,census
01119,Summit Community - FP,Food Pantry,Erie,1230 TOWNHALL ROAD WEST,ERIE,16509,42.032240589576,-80.043275795329,True,census
01503,The Crossing Free Methodist Church - FP,Food Pantry,Venango,202 WILSON AVENUE,OIL CITY,16301,41.427274703384,-79.708112225751,True,census
03144,The Refuge Shelter,Shelter,Erie,1027 EAST 26 TH ST,ERIE,16504,42.120359684337,-80.050454734681,False,census
10703 - C,Thursday Group - SHFB MOBILE,Produce Express,Erie,1507 Grimm Drive,Erie,16501,42.109986923832,-80.112965835997,False,census
10704,Tidioute Fire Hall - SHFB MOBILE,Produce Express,Warren,228 MAIN STREET,TIDIOUTE,16351,41.683085921191,-79.403949131269,False,census
01604,Trinity Evangelical Lutheran Church - FP,Food Pantry,Crawford,649 PARK AVENUE,MEADVILLE,16335,41.6455717277,-80.149723442233,False,census
10703-A,Tuesday Group - SHFB MOBILE,Produce Express,Erie,1507 GRIMM DR,ERIE,16501,42.109986923832,-80.112965835997,True,census
01340,Union City - FP,Food Pantry,Erie,1 HOGAN'S Alley PO BOX 523,UNION CITY,16438-0523,,,True,failed
10702,Union City - SHFB MOBILE,Produce Express,Erie,42 E. HIGH STREET +,UNION CITY,16438,41.899684554495,-79.842047239122,False,census
01599,Union City Full Gospel Church - FP,Food Pantry,Erie,7605  ROUTE 97 44 O'DELL ST.,UNION CITY,16438,41.904579407891,-79.884315832582,True,census
03060,Unitarian Universalist SK,Soup Kitchen,Crawford,346 Chestnut St.,Meadville,16335,41.637460442432,-80.149976765819,False,census
01570,United Faith Fellowship COG - FP,Food Pantry,Crawford,561 STATE STREET PO Box 92,MEADVILLE,16335,41.640263106228,-80.143547011627,True,census
05020,Upper Room,Non-Emerg. Meal/Snack,Erie,1024 PEACH STREET,ERIE,16501,42.124690124223,-80.083884855904,True,census
01607,Victory Family Church- FP,Food Pantry,Crawford,868 WATER STREET,MEADVILLE,16335,41.640273676174,-80.154542815102,True,census
10091,Warren - Military Share,Produce Express,Warren,4060 Market Street,WARREN,16365,41.896934634165,-79.149556416996,False,census
10707,Warren - SHFB MOBILE,Produce Express,Warren,445 CONEWANGO AVENUE,WARREN,16365,41.854181861591,-79.14246171074,False,census
09746,Warren Area High School - SCHOOL PANTRY ,School Pantry,Warren,345 EAST 5TH STREET,WARREN,16365,,,False,failed
01139,Waterford - FP,Food Pantry,Erie,140 W. 6TH,WATERFORD,16441,41.946305305319,-79.983799348748,True,census
10703-B,Wednesday Group - SHFB MOBILE,Produce Express,Erie,1507 GRIMM DR,ERIE,16501,42.109986923832,-80.112965835997,True,census
01163,Wesleyville Interfaith - FP,Food Pantry,Erie,2041 STATION ROAD,ERIE,16510,42.139482676538,-80.013655946202,True,census
01687,West Branch - FP,Food Pantry,Clearfield,369 ALLPORT CUTOFF,MORRISDALE,16858,40.978100747093,-78.200875401016,True,census
01126,West Millcreek - FP ,Food Pantry,Erie,3642 WEST 26TH SRTEET WESTMINSTER PRESBYTERIAN CHURCH,ERIE,16506,,,False,failed
01551,Western Forest County - FP,Food Pantry,Forest,219 ELM STREET,TIONESTA,16353,41.491823275289,-79.456528414655,False,census
09752,Wilson Middle School - SCHOOL PANTRY ,School Pantry,Erie,718 E 28TH ST,ERIE,16504,42.116056518911,-80.056757832158,False,census
05978,Women's Care Center - Warren,Non-Emerg. Meal/Snack,Warren,203 W Third Avenue,Warren,16365,41.846569701269,-79.145876611397,True,census
05245,Women's Care Center- Downtown Office,Non-Emerg. Meal/Snack,Erie,27 West 8th,ERIE,16501,42.127268318642,-80.084288064956,False,census
05016,Womens Care Center Education Program,Non-Emerg. Meal/Snack,Erie,915 STATE STREET SUITE 200,ERIE,16501,42.126356868373,-80.083101010899,False,census
05246,Women's Care Center- Peach Street,Non-Emerg. Meal/Snack,Erie,4408 PEACH STREET SUITE 302,ERIE,16509,42.088529090179,-80.086358874195,False,census
05592,YMCA Downtown-Teen Center,Youth Program,Erie,31 WEST 10 STREET,ERIE,16501,42.125283490891,-80.083030382962,True,census
05260,YMCA Erie Heights-After School,Youth Program,Erie,4020 GARDEN AVENUE,ERIE,16508,42.084433488431,-80.109686265006,True,census
05234,YMCA Greater Erie - Youth Program,Youth Program,Erie,730 TACOMA ROAD C/O 31 WEST 10 ST,ERIE,16501,42.125283490891,-80.083030382962,True,census
01526,Youngsville 2nd Street FP,Food Pantry,Warren,18 2ND ST,YOUNGSVILLE,16371,41.852670903953,-79.320071755123,True,census
03574,Youngsville Free Methodist Church - SK,Soup Kitchen,Warren,179 DAVIS STREET,YOUNGSVILLE,16371,41.853395764752,-79.309916984906,True,census
09742,Youngsville High School - SCHOOL PANTRY ,School Pantry,Warren,227 COLLEGE STREET,YOUNGSVILLE,16371,41.852320839534,-79.314904609458,False,census
10703-D,Zem Zem - SHFB MOBILE,Produce Express,Erie,2525 W 38TH ST,ERIE,16506,42.081486126084,-80.122287178184,True,census
01479,Zion Jesus - FP,Food Pantry,Clarion,114 ZION ROAD,CLARION,16214,,,True,failed
