name,address,store_type_raw,store_type,county,state,zip,lat,lon,category,geocode_source
Dollar General 30272,"8181 W Avonia Rd, Fairview, PA 16415",Combination Grocery/Other,Combination Grocery/Other,ERIE,PA,16415,41.9979,-80.23416,Food & Grocery,usda_snap
Cambridge Grocery,"110 Railroad St, Cambridge Springs, PA 16403",Convenience Store,Convenience Store,CRAWFORD,PA,16403,41.80413,-80.05833,Food & Grocery,usda_snap
Albion Marketplace,"23 E State St, Albion, PA 16401",Medium Grocery Store,Medium Grocery Store,ERIE,PA,16401,41.89071,-80.36582,Food & Grocery,usda_snap
Gordon'S Butcher & Market,"4815 Peach St, Erie, PA 16509",Supermarket,Supermarket,ERIE,PA,16509,42.08284,-80.08886,Food & Grocery,usda_snap
Save A Lot 30192,"111 Diamond St, Titusville, PA 16354",Supermarket,Supermarket,CRAWFORD,PA,16354,41.62595,-79.67262,Food & Grocery,usda_snap
Sh Food Mart,"12211 Lakeside Dr, Conneaut Lake, PA 16316",Convenience Store,Convenience Store,CRAWFORD,PA,16316,41.61502,-80.2884,Food & Grocery,usda_snap
Dollartree 10322,"2070 Interchange Rd., Erie, PA 16565",Combination Grocery/Other,Combination Grocery/Other,ERIE,PA,16565,42.06551,-80.10049,Food & Grocery,usda_snap
Meat & Moss Company,"606 Erie St, Edinboro, PA 16412",Medium Grocery Store,Medium Grocery Store,ERIE,PA,16412,41.88896,-80.12648,Food & Grocery,usda_snap
Dollar General 31245,"43194 State Highway 77, Spartansburg, PA 16434",Combination Grocery/Other,Combination Grocery/Other,CRAWFORD,PA,16434,41.80607,-79.70057,Food & Grocery,usda_snap
Dollartree 10289,"1520 W 26th St, Erie, PA 16508",Combination Grocery/Other,Combination Grocery/Other,ERIE,PA,16508,42.1011,-80.10478,Food & Grocery,usda_snap
Smj International Llc,"227 Hathaway St E, Girard, PA 16417",Convenience Store,Convenience Store,ERIE,PA,16417,42.0078,-80.31918,Food & Grocery,usda_snap
Getgo 3202,"1655 W Bayfront Pkwy, Erie, PA 16501",Convenience Store,Convenience Store,ERIE,PA,16501,42.11098,-80.1187,Food & Grocery,usda_snap
Getgo 3237,"6400 Peach St, Erie, PA 16509",Convenience Store,Convenience Store,ERIE,PA,16509,42.05906,-80.09335,Food & Grocery,usda_snap
Getgo 3288,"103 S Perry St, Titusville, PA 16354",Convenience Store,Convenience Store,CRAWFORD,PA,16354,41.62669,-79.67747,Food & Grocery,usda_snap
Getgo 3090,"6005 Knowledge Pkwy, Erie, PA 16510",Convenience Store,Convenience Store,ERIE,PA,16510,42.11864,-79.96571,Food & Grocery,usda_snap
Getgo 3050,"8300 W Ridge Rd, Girard, PA 16417",Convenience Store,Convenience Store,ERIE,PA,16417,42.0223,-80.27379,Food & Grocery,usda_snap
Getgo,"4307 Buffalo Road, Erie, PA 16510",Convenience Store,Convenience Store,ERIE,PA,16510,42.14513,-80.00407,Food & Grocery,usda_snap
Dollar General 30968,"17940 Erie St, Centerville, PA 16404",Combination Grocery/Other,Combination Grocery/Other,CRAWFORD,PA,16404,41.72662,-79.76054,Food & Grocery,usda_snap
Stanganelli'S Italian Foods,"602 E 25th St, Erie, PA 16503",Combination Grocery/Other,Combination Grocery/Other,ERIE,PA,16503,42.11801,-80.06088,Food & Grocery,usda_snap
Big B Melody 2,"1402 E Lake Rd, Erie, PA 16507",Convenience Store,Convenience Store,ERIE,PA,16507,42.14111,-80.05547,Food & Grocery,usda_snap
Chestnut St Market,"363 W 29th St, Erie, PA 16508",Convenience Store,Convenience Store,ERIE,PA,16508,42.10658,-80.07978,Food & Grocery,usda_snap
Country Fair Flagship 20,"32 N Park Row, Erie, PA 16501",Convenience Store,Convenience Store,ERIE,PA,16501,42.12976,-80.08683,Food & Grocery,usda_snap
Polly'S Food Mart,"2176 W 32nd St, Erie, PA 16508",Convenience Store,Convenience Store,ERIE,PA,16508,42.08923,-80.1196,Food & Grocery,usda_snap
Erie Convenaice Store Llc,"363 W 4th St, Erie, PA 16507",Convenience Store,Convenience Store,ERIE,PA,16507,42.12822,-80.09483,Food & Grocery,usda_snap
Grocery Outlet Of Meadville 781,"18993 Park Avenue Plz, Meadville, PA 16335",Supermarket,Supermarket,CRAWFORD,PA,16335,41.62365,-80.16183,Food & Grocery,usda_snap
Big B Shines 1,"624 West 8th St, Erie, PA 16502",Convenience Store,Convenience Store,ERIE,PA,16502,42.12241,-80.09831,Food & Grocery,usda_snap
Oakwood Freshmart Llc,"1617 W 26th St, Erie, PA 16508",Combination Grocery/Other,Combination Grocery/Other,ERIE,PA,16508,42.09851,-80.109,Food & Grocery,usda_snap
Art'S Bakery Harborcreek,"4625 Buffalo Rd, Erie, PA 16510",Bakery Specialty,Bakery Specialty,ERIE,PA,16510,42.14813,-79.99795,Food & Grocery,usda_snap
Save A Lot 30076,"2026 Broad St, Erie, PA 16503",Supermarket,Supermarket,ERIE,PA,16503,42.12687,-80.04585,Food & Grocery,usda_snap
Save A Lot 30075,"2209 W 12th St, Erie, PA 16505",Supermarket,Supermarket,ERIE,PA,16505,42.10335,-80.13083,Food & Grocery,usda_snap
Palace Life 1,"1102 Parade Street, Erie City, PA 16503",Small Grocery Store,Small Grocery Store,ERIE,PA,16503,42.12743,-80.07361,Food & Grocery,usda_snap
Barbs Corner Market,"1166 W 26th St, Erie, PA 16508",Convenience Store,Convenience Store,ERIE,PA,16508,42.10275,-80.09904,Food & Grocery,usda_snap
Cherry Speed Check 2 1,"563 W 26th St, Erie, PA 16508",Convenience Store,Convenience Store,ERIE,PA,16508,42.1069,-80.08649,Food & Grocery,usda_snap
Westside Market On Powell,"1119 Powell Ave, Erie, PA 16505",Convenience Store,Convenience Store,ERIE,PA,16505,42.0924,-80.16734,Food & Grocery,usda_snap
One Love Grocery Store Llc 1,"601 West 17th Street, Erie, PA 16502",Small Grocery Store,Small Grocery Store,ERIE,PA,16502,42.11418,-80.09187,Food & Grocery,usda_snap
S & A Market,"2690 Cherry St, Erie, PA 16508",Convenience Store,Convenience Store,ERIE,PA,16508,42.1047,-80.08565,Food & Grocery,usda_snap
Dollar General 30184,"2570 Zimmerly Rd, Erie, PA 16506",Combination Grocery/Other,Combination Grocery/Other,ERIE,PA,16506,42.06488,-80.11563,Food & Grocery,usda_snap
Larkin'S Market,"263 E 22nd St, Erie, PA 16503",Convenience Store,Convenience Store,ERIE,PA,16503,42.11731,-80.06973,Food & Grocery,usda_snap
A&A Convenience Store,"601 W 32nd St, Erie, PA 16508",Convenience Store,Convenience Store,ERIE,PA,16508,42.10185,-80.08385,Food & Grocery,usda_snap
Golden Dawn,"450 State St, Conneaut Lake, PA 16316",Supermarket,Supermarket,CRAWFORD,PA,16316,41.60191,-80.30711,Food & Grocery,usda_snap
International Bazaar,"3305 Liberty St, Erie, PA 16508",Combination Grocery/Other,Combination Grocery/Other,ERIE,PA,16508,42.09997,-80.08627,Food & Grocery,usda_snap
Dollar General 24519,"8207 Meadville Rd, Girard, PA 16417",Combination Grocery/Other,Combination Grocery/Other,ERIE,PA,16417,41.95844,-80.33791,Food & Grocery,usda_snap
Malady'S Meat Market,"19043 Park Avenue Plz, Meadville, PA 16335",Meat/Poultry Specialty,Meat/Poultry Specialty,CRAWFORD,PA,16335,41.62378,-80.15979,Food & Grocery,usda_snap
"Crawford County Liquidation Depot, Llc","6164 US Highway 6, Linesville, PA 16424",Medium Grocery Store,Medium Grocery Store,CRAWFORD,PA,16424,41.6566,-80.40707,Food & Grocery,usda_snap
A  A K A Pennsylvania Market 1,"3325 Buffalo Rd, Erie, PA 16510",Medium Grocery Store,Medium Grocery Store,ERIE,PA,16510,42.14057,-80.01408,Food & Grocery,usda_snap
Family Dollar 12929,"800 Main St, Conneautville, PA 16406",Combination Grocery/Other,Combination Grocery/Other,CRAWFORD,PA,16406,41.75878,-80.37051,Food & Grocery,usda_snap
Quick Stop Food Store 1,"324 Pine St, Meadville, PA 16335",Convenience Store,Convenience Store,CRAWFORD,PA,16335,41.63488,-80.15176,Food & Grocery,usda_snap
Storbes Market Llc,"1016 State St, Erie, PA 16501",Small Grocery Store,Small Grocery Store,ERIE,PA,16501,42.12489,-80.08263,Food & Grocery,usda_snap
Dollar General 25587,"2315 W 38th St, Erie, PA 16506",Combination Grocery/Other,Combination Grocery/Other,ERIE,PA,16506,42.08276,-80.11894,Food & Grocery,usda_snap
Kaze International Market Llc,"813 East Ave, Erie, PA 16503",Small Grocery Store,Small Grocery Store,ERIE,PA,16503,42.13539,-80.06115,Food & Grocery,usda_snap
Quick Stop,"2119 Buffalo Rd, Erie, PA 16510",Convenience Store,Convenience Store,ERIE,PA,16510,42.13387,-80.0291,Food & Grocery,usda_snap
Souq Inc,"760 E 12th St, Erie, PA 16503",Medium Grocery Store,Medium Grocery Store,ERIE,PA,16503,42.13015,-80.06389,Food & Grocery,usda_snap
Darshan Friendly Mart Na,"2244 Broad St, Erie, PA 16503",Medium Grocery Store,Medium Grocery Store,ERIE,PA,16503,42.12535,-80.04449,Food & Grocery,usda_snap
"Trawka'S Mom & Pop Grocery,Llc","712 Payne Ave, Erie, PA 16503",Small Grocery Store,Small Grocery Store,ERIE,PA,16503,42.13814,-80.05403,Food & Grocery,usda_snap
Vernas Discount Grocery,"560 Washington St, Meadville, PA 16335",Medium Grocery Store,Medium Grocery Store,CRAWFORD,PA,16335,41.64043,-80.14053,Food & Grocery,usda_snap
Dollar General 24934,"Edinboro Rd, Edinboro, PA 16412",Combination Grocery/Other,Combination Grocery/Other,ERIE,PA,16412,41.91541,-80.12501,Food & Grocery,usda_snap
Dollar General 24933,"11224 Route 19 N, Waterford, PA 16441",Combination Grocery/Other,Combination Grocery/Other,ERIE,PA,16441,41.9759,-80.01028,Food & Grocery,usda_snap
Ggs Management Inc,"1505 Buffalo Rd, Erie, PA 16510",Convenience Store,Convenience Store,ERIE,PA,16510,42.12915,-80.04238,Food & Grocery,usda_snap
Cvs/Pharmacy 5098,"330 W Columbus Ave, Corry, PA 16407",Combination Grocery/Other,Combination Grocery/Other,ERIE,PA,16407,41.93403,-79.65372,Food & Grocery,usda_snap
Dollar General 24932,"5658 Station Rd, North East, PA 16428",Combination Grocery/Other,Combination Grocery/Other,ERIE,PA,16428,42.18991,-79.83423,Food & Grocery,usda_snap
Dollar General 25224,"4203 W Ridge Rd, Erie, PA 16506",Combination Grocery/Other,Combination Grocery/Other,ERIE,PA,16506,42.07734,-80.16953,Food & Grocery,usda_snap
Buffalo Speed Check 1,"2267 Buffalo Rd, Erie, PA 16510",Convenience Store,Convenience Store,ERIE,PA,16510,42.13479,-80.02658,Food & Grocery,usda_snap
Art'S Bakery,"4380 W Ridge Rd, Erie, PA 16506",Medium Grocery Store,Medium Grocery Store,ERIE,PA,16506,42.07562,-80.17522,Food & Grocery,usda_snap
"Tudor Hook-N-Nook, Inc.","10543 Old Lake Rd, Lake City, PA 16423",Convenience Store,Convenience Store,ERIE,PA,16423,42.02264,-80.3588,Food & Grocery,usda_snap
Galaxy Food Mart 2,"1010 State St, Erie, PA 16501",Convenience Store,Convenience Store,ERIE,PA,16501,42.12504,-80.08272,Food & Grocery,usda_snap
Nayan Enterprise Inc,"2917 Glenwood Park Ave, Erie, PA 16508",Convenience Store,Convenience Store,ERIE,PA,16508,42.10816,-80.07336,Food & Grocery,usda_snap
Kt Mart,"351 W 26th St, Erie, PA 16508",Convenience Store,Convenience Store,ERIE,PA,16508,42.10874,-80.0814,Food & Grocery,usda_snap
Shree Shakti Inc,"16401 Harmonsburg Rd, Meadville, PA 16335",Convenience Store,Convenience Store,CRAWFORD,PA,16335,41.64727,-80.20869,Food & Grocery,usda_snap
Smirna Store Llc,"3204 Buffalo Rd, Erie, PA 16510",Medium Grocery Store,Medium Grocery Store,ERIE,PA,16510,42.1404,-80.01553,Food & Grocery,usda_snap
"Mcdonald Meats, Inc.","10445 Ridge Rd, Girard, PA 16417",Meat/Poultry Specialty,Meat/Poultry Specialty,ERIE,PA,16417,41.99305,-80.34821,Food & Grocery,usda_snap
"Last Stop Beverage, Inc","24339 US 322, Cochranton, PA 16314",Convenience Store,Convenience Store,CRAWFORD,PA,16314,41.53693,-80.07897,Food & Grocery,usda_snap
Herb And Honey Bakery,"310 E 24th St, Erie, PA 16503",Bakery Specialty,Bakery Specialty,ERIE,PA,16503,42.11637,-80.06828,Food & Grocery,usda_snap
Bfa Mart Llc,"1511 W 38th St, Erie, PA 16508",Medium Grocery Store,Medium Grocery Store,ERIE,PA,16508,42.0898,-80.0979,Food & Grocery,usda_snap
Himalayan Groceries Llc,"418 E 21st St, Erie, PA 16503",Medium Grocery Store,Medium Grocery Store,ERIE,PA,16503,42.11977,-80.06718,Food & Grocery,usda_snap
Sheetz 755,"3814 Liberty St, Erie, PA 16509",Convenience Store,Convenience Store,ERIE,PA,16509,42.09516,-80.08428,Food & Grocery,usda_snap
Kelley'S Korner Market,"3502 Station Rd, Erie, PA 16510",Convenience Store,Convenience Store,ERIE,PA,16510,42.13348,-80.00191,Food & Grocery,usda_snap
Alnakhla Store 1,"2702 Parade St, Erie, PA 16504",Small Grocery Store,Small Grocery Store,ERIE,PA,16504,42.11397,-80.06464,Food & Grocery,usda_snap
Legacy Hydroponics Llc. Farmers Market 1,"11096 Peach St, Waterford, PA 16441",Farmers' Market,Farmers' Market,ERIE,PA,16441,41.9795,-80.01432,Food & Grocery,usda_snap
Cherry Speed Check,"607 W 18th St, Erie, PA 16502",Convenience Store,Convenience Store,ERIE,PA,16502,42.11316,-80.09152,Food & Grocery,usda_snap
Dollar General 23983,"2405 Buffalo Rd, Erie, PA 16510",Combination Grocery/Other,Combination Grocery/Other,ERIE,PA,16510,42.13631,-80.02371,Food & Grocery,usda_snap
City Fresh & Fast Mart Llc 1,"155 E 25th St, Erie, PA 16503",Combination Grocery/Other,Combination Grocery/Other,ERIE,PA,16503,42.11375,-80.07149,Food & Grocery,usda_snap
Niethamer & Owens,"1608 Parade St, Erie, PA 16503",Meat/Poultry Specialty,Meat/Poultry Specialty,ERIE,PA,16503,42.12286,-80.07063,Food & Grocery,usda_snap
Dollar General 23409,"2050 W Center Rd, Linesville, PA 16424",Combination Grocery/Other,Combination Grocery/Other,CRAWFORD,PA,16424,41.71315,-80.49007,Food & Grocery,usda_snap
Dollartree 8540,"4234 W Ridge Rd, Erie, PA 16506",Combination Grocery/Other,Combination Grocery/Other,ERIE,PA,16506,42.07744,-80.17086,Food & Grocery,usda_snap
"Edinboro Market, Inc.","109 Erie St, Edinboro, PA 16412",Small Grocery Store,Small Grocery Store,ERIE,PA,16412,41.87471,-80.13259,Food & Grocery,usda_snap
Orton'S Fruit Markert,"5900 Station Rd, North East, PA 16428",Farmers' Market,Farmers' Market,ERIE,PA,16428,42.18919,-79.83277,Food & Grocery,usda_snap
Galaxy Food Mart,"1001 State St, Erie, PA 16501",Convenience Store,Convenience Store,ERIE,PA,16501,42.12544,-80.08205,Food & Grocery,usda_snap
Hill Top Processing,"4908 Fisher Rd, Conneautville, PA 16406",Combination Grocery/Other,Combination Grocery/Other,CRAWFORD,PA,16406,41.78513,-80.43423,Food & Grocery,usda_snap
Oriental Minimart Grocery Llc 1,"1218 E 38th St, Erie, PA 16504",Medium Grocery Store,Medium Grocery Store,ERIE,PA,16504,42.11254,-80.03961,Food & Grocery,usda_snap
Titusville Market Square,"101 N Franklin St, Titusville, PA 16354",Convenience Store,Convenience Store,CRAWFORD,PA,16354,41.62726,-79.67382,Food & Grocery,usda_snap
Dollar General 22124,"155 N Main St, Springboro, PA 16435",Combination Grocery/Other,Combination Grocery/Other,CRAWFORD,PA,16435,41.80456,-80.37083,Food & Grocery,usda_snap
Fadak International Food Market,"2601 Parade St, Erie, PA 16504",Combination Grocery/Other,Combination Grocery/Other,ERIE,PA,16504,42.11507,-80.06471,Food & Grocery,usda_snap
East Lake Speed Check 2,"1150 E Lake Rd, Erie, PA 16507",Convenience Store,Convenience Store,ERIE,PA,16507,42.13977,-80.05927,Food & Grocery,usda_snap
Country Fair 57,"4816 Buffalo Rd, Erie, PA 16510",Convenience Store,Convenience Store,ERIE,PA,16510,42.15074,-79.99396,Food & Grocery,usda_snap
Fresh Asian Minimart Llc 1,"837 W 38th St, Erie, PA 16508",Medium Grocery Store,Medium Grocery Store,ERIE,PA,16508,42.09535,-80.08517,Food & Grocery,usda_snap
Cvs Pharmacy 11421,"1216 W 6th St, Erie, PA 16507",Combination Grocery/Other,Combination Grocery/Other,ERIE,PA,16507,42.11983,-80.11143,Food & Grocery,usda_snap
Quick Stop Food Store,"408 W 18th St, Erie, PA 16502",Convenience Store,Convenience Store,ERIE,PA,16502,42.11566,-80.0859,Food & Grocery,usda_snap
Lawrence Park & Go,"4216 Main St, Erie, PA 16511",Convenience Store,Convenience Store,ERIE,PA,16511,42.15149,-80.01238,Food & Grocery,usda_snap
Kamana Asian Foodmart Llc,"1230 French St, Erie, PA 16501",Medium Grocery Store,Medium Grocery Store,ERIE,PA,16501,42.12337,-80.07955,Food & Grocery,usda_snap
Crosby'S 40053,"13580 Route 8 89, Wattsburg, PA 16442",Convenience Store,Convenience Store,ERIE,PA,16442,42.02323,-79.81797,Food & Grocery,usda_snap
Dollar General 19958,"6278 Main St, Hartstown, PA 16131",Combination Grocery/Other,Combination Grocery/Other,CRAWFORD,PA,16131,41.54507,-80.37727,Food & Grocery,usda_snap
Dollar General 19881,"7735 McHenry St, Meadville, PA 16335",Combination Grocery/Other,Combination Grocery/Other,CRAWFORD,PA,16335,41.61119,-80.15269,Food & Grocery,usda_snap
Giant Eagle 95,"175 Smock Hwy, Meadville, PA 16335",Super Store,Supermarket,CRAWFORD,PA,16335,41.6201,-80.16678,Food & Grocery,usda_snap
Dollar General 19584,"8948 Wattsburg Rd, Erie, PA 16509",Combination Grocery/Other,Combination Grocery/Other,ERIE,PA,16509,42.07217,-79.98364,Food & Grocery,usda_snap
Dollar General 19674,"12543 Reed Ave, Conneaut Lake, PA 16316",Combination Grocery/Other,Combination Grocery/Other,CRAWFORD,PA,16316,41.63724,-80.31937,Food & Grocery,usda_snap
Kwik Fill 304,"21268 Blooming Valley Rd, Meadville, PA 16335",Convenience Store,Convenience Store,CRAWFORD,PA,16335,41.65319,-80.11492,Food & Grocery,usda_snap
Kwik Fill 167,"275 Linden St, Meadville, PA 16335",Convenience Store,Convenience Store,CRAWFORD,PA,16335,41.62978,-80.15494,Food & Grocery,usda_snap
Kwik Fill 200,"1001 E Spring St, Titusville, PA 16354",Convenience Store,Convenience Store,CRAWFORD,PA,16354,41.62641,-79.6547,Food & Grocery,usda_snap
Kwik Fill 162,"3360 W 38th St, Erie, PA 16506",Convenience Store,Convenience Store,ERIE,PA,16506,42.07399,-80.14309,Food & Grocery,usda_snap
Kwik Fill 159,"6707 Buffalo Rd, Harborcreek, PA 16421",Convenience Store,Convenience Store,ERIE,PA,16421,42.16866,-79.95224,Food & Grocery,usda_snap
Kwik Fill 384,"3745 McClelland Ave, Erie, PA 16510",Convenience Store,Convenience Store,ERIE,PA,16510,42.12099,-80.01675,Food & Grocery,usda_snap
Kwik Fill 317,"4702 W Ridge Rd, Erie, PA 16506",Convenience Store,Convenience Store,ERIE,PA,16506,42.07178,-80.18242,Food & Grocery,usda_snap
Kwik Fill 151,"1603 W 26th St, Erie, PA 16508",Convenience Store,Convenience Store,ERIE,PA,16508,42.09894,-80.1086,Food & Grocery,usda_snap
Kwik Fill 150,"7600 Peach St, Erie, PA 16509",Convenience Store,Convenience Store,ERIE,PA,16509,42.05176,-80.08401,Food & Grocery,usda_snap
Kwik Fill 393,"471 North St, Meadville, PA 16335",Convenience Store,Convenience Store,CRAWFORD,PA,16335,41.63968,-80.14448,Food & Grocery,usda_snap
Kwik Fill 166,"270 Main St, Saegertown, PA 16433",Convenience Store,Convenience Store,CRAWFORD,PA,16433,41.71608,-80.14722,Food & Grocery,usda_snap
Kwik Fill 163,"169 S Lake St, North East, PA 16428",Convenience Store,Convenience Store,ERIE,PA,16428,42.20785,-79.83753,Food & Grocery,usda_snap
Kwik Fill 228,"12201 E Main Rd, North East, PA 16428",Convenience Store,Convenience Store,ERIE,PA,16428,42.23192,-79.78382,Food & Grocery,usda_snap
Kwik Fill 154,"1101 E Lake Rd, Erie, PA 16507",Convenience Store,Convenience Store,ERIE,PA,16507,42.1388,-80.06104,Food & Grocery,usda_snap
Kwik Fill 157,"1588 E 38th St, Erie, PA 16510",Convenience Store,Convenience Store,ERIE,PA,16510,42.11482,-80.03265,Food & Grocery,usda_snap
Kwik Fill 197,"3 Titusville Rd, Union City, PA 16438",Convenience Store,Convenience Store,ERIE,PA,16438,41.88445,-79.84263,Food & Grocery,usda_snap
Kwik Fill 376,"10 E Columbus Ave, Corry, PA 16407",Convenience Store,Convenience Store,ERIE,PA,16407,41.93646,-79.64076,Food & Grocery,usda_snap
Dollar General 18479,"24467 State Highway 8, Union City, PA 16438",Combination Grocery/Other,Combination Grocery/Other,CRAWFORD,PA,16438,41.81935,-79.80786,Food & Grocery,usda_snap
Dollar Tree 7464,"1121 Park Ave, Meadville, PA 16335",Combination Grocery/Other,Combination Grocery/Other,CRAWFORD,PA,16335,41.63249,-80.15479,Food & Grocery,usda_snap
Dollar General 18488,"4972 Wattsburg Rd, Erie, PA 16504",Combination Grocery/Other,Combination Grocery/Other,ERIE,PA,16504,42.1037,-80.02941,Food & Grocery,usda_snap
Dollar General 18426,"13777 Ridge Rd, West Springfield, PA 16443",Combination Grocery/Other,Combination Grocery/Other,ERIE,PA,16443,41.94643,-80.47327,Food & Grocery,usda_snap
Garys Variety,"2521 Buffalo Rd, Erie, PA 16510",Convenience Store,Convenience Store,ERIE,PA,16510,42.13734,-80.0215,Food & Grocery,usda_snap
Lucky Food Mart 2,"701 State St, Erie, PA 16501",Convenience Store,Convenience Store,ERIE,PA,16501,42.12824,-80.0844,Food & Grocery,usda_snap
Larry'S Central Market,"1626 Sassafras St, Erie, PA 16502",Medium Grocery Store,Medium Grocery Store,ERIE,PA,16502,42.118,-80.0823,Food & Grocery,usda_snap
All In One Supermarket,"3304 Pine Ave, Erie, PA 16504",Combination Grocery/Other,Combination Grocery/Other,ERIE,PA,16504,42.11036,-80.05627,Food & Grocery,usda_snap
Almadina Supermarket,"2325 Parade St, Erie, PA 16503",Medium Grocery Store,Medium Grocery Store,ERIE,PA,16503,42.11693,-80.06618,Food & Grocery,usda_snap
Lakeside Meats Inc,"11025 State Highway 18, Conneaut Lake, PA 16316",Small Grocery Store,Small Grocery Store,CRAWFORD,PA,16316,41.61549,-80.28886,Food & Grocery,usda_snap
Dollar Tree 7289,"206 W Broadway, Edinboro, PA 16412",Combination Grocery/Other,Combination Grocery/Other,ERIE,PA,16412,41.88121,-80.15548,Food & Grocery,usda_snap
Pilot Travel Center 311,"8035 Perry Hwy, Erie, PA 16509",Convenience Store,Convenience Store,ERIE,PA,16509,42.06876,-80.03896,Food & Grocery,usda_snap
East Avenue Speed Check,"1001 East Ave, Erie, PA 16503",Convenience Store,Convenience Store,ERIE,PA,16503,42.13349,-80.06021,Food & Grocery,usda_snap
Peace Market,"1154 E 26th St, Erie, PA 16504",Small Grocery Store,Small Grocery Store,ERIE,PA,16504,42.12167,-80.04723,Food & Grocery,usda_snap
Giant Eagle 4237,"2067 Interchange Rd, Erie, PA 16509",Super Store,Supermarket,ERIE,PA,16509,42.06472,-80.10171,Food & Grocery,usda_snap
Stop And Go 2,"732 Parade St, Erie, PA 16503",Combination Grocery/Other,Combination Grocery/Other,ERIE,PA,16503,42.13079,-80.07549,Food & Grocery,usda_snap
Aldi 69021,"2222 Downs Dr, Erie, PA 16509",Supermarket,Supermarket,ERIE,PA,16509,42.04975,-80.08762,Food & Grocery,usda_snap
Dollar General Store 16908,"24095 State Highway 77, Meadville, PA 16335",Combination Grocery/Other,Combination Grocery/Other,CRAWFORD,PA,16335,41.67297,-80.06101,Food & Grocery,usda_snap
Dollar General 16852,"8214 Perry Hwy, Erie, PA 16509",Combination Grocery/Other,Combination Grocery/Other,ERIE,PA,16509,42.06473,-80.03519,Food & Grocery,usda_snap
Family Dollar 11810,"450 W 8th St, Erie, PA 16502",Combination Grocery/Other,Combination Grocery/Other,ERIE,PA,16502,42.12368,-80.09434,Food & Grocery,usda_snap
Ta Harborcreek 215,"4050 Depot Rd, Erie, PA 16510",Convenience Store,Convenience Store,ERIE,PA,16510,42.14067,-79.92345,Food & Grocery,usda_snap
Dollar Tree 6152,"954 E 26th St, Erie, PA 16504",Combination Grocery/Other,Combination Grocery/Other,ERIE,PA,16504,42.12001,-80.05174,Food & Grocery,usda_snap
Dollar General Store 16722,"1462 Lake St, Lake City, PA 16423",Combination Grocery/Other,Combination Grocery/Other,ERIE,PA,16423,42.02022,-80.34528,Food & Grocery,usda_snap
Family Dollar 10772,"368 Main St, Spartansburg, PA 16434",Combination Grocery/Other,Combination Grocery/Other,CRAWFORD,PA,16434,41.82417,-79.68537,Food & Grocery,usda_snap
Millers Farm Market,"12170 Townline Rd, Meadville, PA 16335",Medium Grocery Store,Medium Grocery Store,CRAWFORD,PA,16335,41.63677,-80.0942,Food & Grocery,usda_snap
Parade Speed Check 01,"1725 Parade St, Erie, PA 16503",Convenience Store,Convenience Store,ERIE,PA,16503,42.1218,-80.06944,Food & Grocery,usda_snap
Sheetz 557,"750 Peninsula Dr, Erie, PA 16505",Convenience Store,Convenience Store,ERIE,PA,16505,42.10427,-80.14882,Food & Grocery,usda_snap
Dollar Tree 942,"16039 Conneaut Lake Rd, Meadville, PA 16335",Combination Grocery/Other,Combination Grocery/Other,CRAWFORD,PA,16335,41.62015,-80.21502,Food & Grocery,usda_snap
Dollar Tree 5425,"324 W Central Ave, Titusville, PA 16354",Combination Grocery/Other,Combination Grocery/Other,CRAWFORD,PA,16354,41.6271,-79.67754,Food & Grocery,usda_snap
Dollar General 15290,"406 E 26th St, Erie, PA 16504",Combination Grocery/Other,Combination Grocery/Other,ERIE,PA,16504,42.1152,-80.06476,Food & Grocery,usda_snap
Dollar General 15315,"7538 W Ridge Rd, Fairview, PA 16415",Combination Grocery/Other,Combination Grocery/Other,ERIE,PA,16415,42.03062,-80.25633,Food & Grocery,usda_snap
Dollar General 24702,"405 W Columbus Ave, Corry, PA 16407",Combination Grocery/Other,Combination Grocery/Other,ERIE,PA,16407,41.93445,-79.65843,Food & Grocery,usda_snap
Dollar General 14462,"13970 State Route 8, Wattsburg, PA 16442",Combination Grocery/Other,Combination Grocery/Other,ERIE,PA,16442,42.01325,-79.81573,Food & Grocery,usda_snap
Sheetz 528,"809 Main St E, Girard, PA 16417",Convenience Store,Convenience Store,ERIE,PA,16417,42.00658,-80.3074,Food & Grocery,usda_snap
Hawks Grocery And Smokehouse,"13087 Main St, Titusville, PA 16354",Medium Grocery Store,Medium Grocery Store,CRAWFORD,PA,16354,41.65679,-79.7289,Food & Grocery,usda_snap
Uk Supermarket,"1105 Parade St, Erie, PA 16503",Medium Grocery Store,Medium Grocery Store,ERIE,PA,16503,42.12757,-80.07298,Food & Grocery,usda_snap
Dollar General 14210,"4682 E Lake Rd, Erie, PA 16511",Combination Grocery/Other,Combination Grocery/Other,ERIE,PA,16511,42.16509,-80.00664,Food & Grocery,usda_snap
Sheetz 502,"331 W Central Ave, Titusville, PA 16354",Convenience Store,Convenience Store,CRAWFORD,PA,16354,41.62684,-79.67877,Food & Grocery,usda_snap
Little Italy Farmers Market,"425 W 18th St, Erie, PA 16502",Farmers' Market,Farmers' Market,ERIE,PA,16502,42.11487,-80.08736,Food & Grocery,usda_snap
Dollar General 13937,"5212 West Rd, McKean, PA 16426",Combination Grocery/Other,Combination Grocery/Other,ERIE,PA,16426,41.997,-80.14906,Food & Grocery,usda_snap
Sheetz 499,"8180 Perry Hwy, Erie, PA 16509",Convenience Store,Convenience Store,ERIE,PA,16509,42.06554,-80.03673,Food & Grocery,usda_snap
Dollar General 13230,"33912 Highway 408, Townville, PA 16360",Combination Grocery/Other,Combination Grocery/Other,CRAWFORD,PA,16360,41.67297,-79.87179,Food & Grocery,usda_snap
Winding Creek Farm,"24999 Highway 99, Cambridge Springs, PA 16403",Medium Grocery Store,Medium Grocery Store,CRAWFORD,PA,16403,41.82931,-80.08051,Food & Grocery,usda_snap
Dollar General 13022,"1901 Main St, Conneautville, PA 16404",Combination Grocery/Other,Combination Grocery/Other,CRAWFORD,PA,16404,41.75024,-80.36174,Food & Grocery,usda_snap
Family Dollar 8809,"18971 Park Avenue Plz, Meadville, PA 16335",Combination Grocery/Other,Combination Grocery/Other,CRAWFORD,PA,16335,41.62261,-80.1623,Food & Grocery,usda_snap
Dollar Tree 426,"1914 Keystone Dr, Erie, PA 16509",Combination Grocery/Other,Combination Grocery/Other,ERIE,PA,16509,42.05806,-80.08562,Food & Grocery,usda_snap
Dollar General 12882,"533 Main St, Saegertown, PA 16433",Combination Grocery/Other,Combination Grocery/Other,CRAWFORD,PA,16433,41.7215,-80.14879,Food & Grocery,usda_snap
Dollar General 13172,"178 N Franklin St, Cochranton, PA 16314",Combination Grocery/Other,Combination Grocery/Other,CRAWFORD,PA,16314,41.52618,-80.05346,Food & Grocery,usda_snap
Dollar General 12873,"1801 Highway 285, Espyville, PA 16424",Combination Grocery/Other,Combination Grocery/Other,CRAWFORD,PA,16424,41.60547,-80.48925,Food & Grocery,usda_snap
Dollar Tree 4659,"2211 W 12th St, Erie, PA 16505",Combination Grocery/Other,Combination Grocery/Other,ERIE,PA,16505,42.10375,-80.13108,Food & Grocery,usda_snap
Bayfrent Convenience Store,"556 W 4th St, Erie, PA 16507",Small Grocery Store,Small Grocery Store,ERIE,PA,16507,42.12671,-80.0994,Food & Grocery,usda_snap
Giant Eagle 88,"110 S Martin St, Titusville, PA 16354",Super Store,Supermarket,CRAWFORD,PA,16354,41.626,-79.67014,Food & Grocery,usda_snap
Crosby'S 40042,"8024 Peach St, Erie, PA 16509",Convenience Store,Convenience Store,ERIE,PA,16509,42.04869,-80.08048,Food & Grocery,usda_snap
Crosby'S 40043,"8030 Perry Hwy, Erie, PA 16509",Convenience Store,Convenience Store,ERIE,PA,16509,42.06887,-80.03915,Food & Grocery,usda_snap
Crosby'S 40045,"247 E Main St, Corry, PA 16407",Convenience Store,Convenience Store,ERIE,PA,16407,41.92134,-79.63546,Food & Grocery,usda_snap
Family Dollar 8316,"2184 W 12th St, Erie, PA 16505",Combination Grocery/Other,Combination Grocery/Other,ERIE,PA,16505,42.10543,-80.13051,Food & Grocery,usda_snap
Cvs Pharmacy 7684,"1535 W 26th St, Erie, PA 16508",Combination Grocery/Other,Combination Grocery/Other,ERIE,PA,16508,42.09991,-80.10608,Food & Grocery,usda_snap
Cvs Pharmacy 5095,"124 Erie St, Edinboro, PA 16412",Combination Grocery/Other,Combination Grocery/Other,ERIE,PA,16412,41.87545,-80.13128,Food & Grocery,usda_snap
Family Dollar Store 5910,"2307 State St, Erie, PA 16503",Combination Grocery/Other,Combination Grocery/Other,ERIE,PA,16503,42.1144,-80.07481,Food & Grocery,usda_snap
Dollar Tree 6715,"2036 E 38th St, Erie, PA 16510",Combination Grocery/Other,Combination Grocery/Other,ERIE,PA,16510,42.1188,-80.02377,Food & Grocery,usda_snap
Family Dollar Store 3529,"1530 W 26th St, Erie, PA 16508",Combination Grocery/Other,Combination Grocery/Other,ERIE,PA,16508,42.09997,-80.10753,Food & Grocery,usda_snap
Dollar Tree 6565,"9149 Ridge Rd, Girard, PA 16417",Combination Grocery/Other,Combination Grocery/Other,ERIE,PA,16417,42.00827,-80.30125,Food & Grocery,usda_snap
Family Dollar Store 2894,"149 W Main St, North East, PA 16428",Combination Grocery/Other,Combination Grocery/Other,ERIE,PA,16428,42.21277,-79.84419,Food & Grocery,usda_snap
Family Dollar Store 2784,"370 W Columbus Ave, Corry, PA 16407",Combination Grocery/Other,Combination Grocery/Other,ERIE,PA,16407,41.93393,-79.65435,Food & Grocery,usda_snap
Family Dollar Store 1780,"155 E 12th St, Erie, PA 16501",Combination Grocery/Other,Combination Grocery/Other,ERIE,PA,16501,42.12478,-80.07764,Food & Grocery,usda_snap
Family Dollar Store 1760,"2226 Broad St, Erie, PA 16503",Combination Grocery/Other,Combination Grocery/Other,ERIE,PA,16503,42.12535,-80.04449,Food & Grocery,usda_snap
Sam'S Club 6675,"7200 Peach St, Erie, PA 16509",Super Store,Supermarket,ERIE,PA,16509,42.05413,-80.0867,Food & Grocery,usda_snap
Walgreens 10837,"379 North St, Meadville, PA 16335",Combination Grocery/Other,Combination Grocery/Other,CRAWFORD,PA,16335,41.64058,-80.14767,Food & Grocery,usda_snap
Walgreens 10520,"3727 Peach St, Erie, PA 16508",Combination Grocery/Other,Combination Grocery/Other,ERIE,PA,16508,42.09734,-80.0815,Food & Grocery,usda_snap
Europa Delicatessen,"2404 Peach St, Erie, PA 16502",Combination Grocery/Other,Combination Grocery/Other,ERIE,PA,16502,42.11289,-80.07628,Food & Grocery,usda_snap
Dollar General 10797,"16320 Route 8, Union City, PA 16438",Combination Grocery/Other,Combination Grocery/Other,ERIE,PA,16438,41.88948,-79.84727,Food & Grocery,usda_snap
Target 1287,"6700 Peach St, Erie, PA 16509",Super Store,Supermarket,ERIE,PA,16509,42.05489,-80.09492,Food & Grocery,usda_snap
Shop Rite,"1031 Parade St, Erie, PA 16503",Convenience Store,Convenience Store,ERIE,PA,16503,42.12786,-80.07336,Food & Grocery,usda_snap
Dollar Tree 1862,"3708 Liberty St, Erie, PA 16508",Combination Grocery/Other,Combination Grocery/Other,ERIE,PA,16508,42.09644,-80.08562,Food & Grocery,usda_snap
Dollar Tree 2153,"3604 Buffalo Rd, Erie, PA 16510",Combination Grocery/Other,Combination Grocery/Other,ERIE,PA,16510,42.14206,-80.01147,Food & Grocery,usda_snap
Edinboro Standalone Supermarket 2470,"606 Erie St, Edinboro, PA 16412",Super Store,Supermarket,ERIE,PA,16412,41.88895,-80.12645,Food & Grocery,usda_snap
Tops Markets 667,"230 South High Street, Waterford, PA 16441",Supermarket,Supermarket,ERIE,PA,16441,41.93866,-79.98217,Food & Grocery,usda_snap
Dollar General 10312,"220 W Plum St, Edinboro, PA 16412",Combination Grocery/Other,Combination Grocery/Other,ERIE,PA,16412,41.8777,-80.13454,Food & Grocery,usda_snap
Shop Rite,"2401 Parade St, Erie, PA 16503",Small Grocery Store,Small Grocery Store,ERIE,PA,16503,42.11679,-80.06602,Food & Grocery,usda_snap
Gordon Food Service Store Mp120,"6740 Peach St, Erie, PA 16509",Supermarket,Supermarket,ERIE,PA,16509,42.05636,-80.09114,Food & Grocery,usda_snap
Country Fair 91,"803 Brown Ave, Erie, PA 16502",Convenience Store,Convenience Store,ERIE,PA,16502,42.10979,-80.09378,Food & Grocery,usda_snap
Country Fair 90,"2525 State St, Erie, PA 16503",Convenience Store,Convenience Store,ERIE,PA,16503,42.11217,-80.07369,Food & Grocery,usda_snap
Walmart Supercenter 5360,"11415 Hydetown Rd, Titusville, PA 16354",Super Store,Supermarket,CRAWFORD,PA,16354,41.63377,-79.69634,Food & Grocery,usda_snap
Kang Fuel Food Mart Inc,"605 Parade St, Erie, PA 16503",Convenience Store,Convenience Store,ERIE,PA,16503,42.13233,-80.07639,Food & Grocery,usda_snap
Dollar General 9327,"3759 W 12th St, Erie, PA 16505",Combination Grocery/Other,Combination Grocery/Other,ERIE,PA,16505,42.09151,-80.16657,Food & Grocery,usda_snap
Dollar General 6289,"742 Venango Ave, Cambridge Springs, PA 16403",Combination Grocery/Other,Combination Grocery/Other,CRAWFORD,PA,16403,41.79871,-80.07064,Food & Grocery,usda_snap
Country Fair 73,"2841 W 12th St, Erie, PA 16505",Convenience Store,Convenience Store,ERIE,PA,16505,42.09959,-80.14463,Food & Grocery,usda_snap
Dollar General 6560,"12853 Conneaut Lake Rd, Conneaut Lake, PA 16316",Combination Grocery/Other,Combination Grocery/Other,CRAWFORD,PA,16316,41.60825,-80.28086,Food & Grocery,usda_snap
Dollar General 9655,"605 Main St E, Girard, PA 16417",Combination Grocery/Other,Combination Grocery/Other,ERIE,PA,16417,42.00529,-80.30945,Food & Grocery,usda_snap
Dollar General 9470,"6304 US Highway 6, Linesville, PA 16424",Combination Grocery/Other,Combination Grocery/Other,CRAWFORD,PA,16424,41.65598,-80.40401,Food & Grocery,usda_snap
Walmart Supercenter 5445,"2711 Elm St, Erie, PA 16504",Super Store,Supermarket,ERIE,PA,16504,42.12299,-80.04108,Food & Grocery,usda_snap
Dollar General 2446,"11102 Perry Hwy, Meadville, PA 16335",Combination Grocery/Other,Combination Grocery/Other,CRAWFORD,PA,16335,41.61846,-80.2015,Food & Grocery,usda_snap
Dollar General 4964,"900 WATER ST-DOWNTOWN MALL, MEADVILLE, PA 16335",Combination Grocery/Other,Combination Grocery/Other,CRAWFORD,PA,16335,41.63869,-80.15562,Food & Grocery,usda_snap
Dollar General 2413,"128 W Spring St, Titusville, PA 16354",Combination Grocery/Other,Combination Grocery/Other,CRAWFORD,PA,16354,41.62652,-79.67422,Food & Grocery,usda_snap
Dollar General 7910,"2603 W 26th St, Erie, PA 16506",Combination Grocery/Other,Combination Grocery/Other,ERIE,PA,16506,42.0893,-80.13119,Food & Grocery,usda_snap
Dollar General 9037,"1501 W 38th St, Erie, PA 16508",Combination Grocery/Other,Combination Grocery/Other,ERIE,PA,16508,42.0898,-80.09789,Food & Grocery,usda_snap
Dollar General 7600,"3785 Zimmerman Rd, Erie, PA 16510",Combination Grocery/Other,Combination Grocery/Other,ERIE,PA,16510,42.11814,-80.02493,Food & Grocery,usda_snap
Dollar General 7705,"5051 Peach St, Erie, PA 16509",Combination Grocery/Other,Combination Grocery/Other,ERIE,PA,16509,42.08038,-80.08979,Food & Grocery,usda_snap
Dollar General 4965,"2315 W 12th St, Erie, PA 16505",Combination Grocery/Other,Combination Grocery/Other,ERIE,PA,16505,42.10416,-80.13367,Food & Grocery,usda_snap
Dollar General 7151,"824 State St, Erie, PA 16501",Combination Grocery/Other,Combination Grocery/Other,ERIE,PA,16501,42.12658,-80.08398,Food & Grocery,usda_snap
Dollar General 4653,"12674 Route 19 S, Waterford, PA 16441",Combination Grocery/Other,Combination Grocery/Other,ERIE,PA,16441,41.93504,-79.98097,Food & Grocery,usda_snap
Dollar General 2132,"406 E Main St, Corry, PA 16407",Combination Grocery/Other,Combination Grocery/Other,ERIE,PA,16407,41.9213,-79.63345,Food & Grocery,usda_snap
Dollar General 0270,"1700 Peach St, Erie, PA 16501",Combination Grocery/Other,Combination Grocery/Other,ERIE,PA,16501,42.1187,-80.08128,Food & Grocery,usda_snap
Dollar General 4826,"4669 Buffalo Rd, Erie, PA 16510",Combination Grocery/Other,Combination Grocery/Other,ERIE,PA,16510,42.14915,-79.997,Food & Grocery,usda_snap
Dollar General 1335,"714 East Ave, Erie, PA 16503",Combination Grocery/Other,Combination Grocery/Other,ERIE,PA,16503,42.13607,-80.06245,Food & Grocery,usda_snap
Dollar General 7108,"10670 W Main Rd, North East, PA 16428",Combination Grocery/Other,Combination Grocery/Other,ERIE,PA,16428,42.21031,-79.85025,Food & Grocery,usda_snap
Dollar General 1495,"10541 Route 6N, Albion, PA 16401",Combination Grocery/Other,Combination Grocery/Other,ERIE,PA,16401,41.89094,-80.35103,Food & Grocery,usda_snap
Harborcreek Shurfine Marketplace,"6992 Buffalo Rd, Harborcreek, PA 16421",Medium Grocery Store,Medium Grocery Store,ERIE,PA,16421,42.17123,-79.94804,Food & Grocery,usda_snap
Walmart Supercenter 3281,"5741 Buffalo Rd, Harborcreek, PA 16421",Super Store,Supermarket,ERIE,PA,16421,42.16104,-79.96911,Food & Grocery,usda_snap
Walmart 2561,"5350 W Ridge Rd, Erie, PA 16506",Super Store,Supermarket,ERIE,PA,16506,42.06567,-80.19382,Food & Grocery,usda_snap
Sander Markets,"826 N Center St, Corry, PA 16407",Supermarket,Supermarket,ERIE,PA,16407,41.93023,-79.64131,Food & Grocery,usda_snap
Cvs Pharmacy 2678,"1111 Peninsula Dr, Erie, PA 16505",Combination Grocery/Other,Combination Grocery/Other,ERIE,PA,16505,42.10005,-80.14574,Food & Grocery,usda_snap
Cvs Pharmacy 2346,"3750 Sterrettania Rd, Erie, PA 16506",Combination Grocery/Other,Combination Grocery/Other,ERIE,PA,16506,42.07421,-80.14431,Food & Grocery,usda_snap
Cvs Pharmacy 5088,"118 W Main St, North East, PA 16428",Combination Grocery/Other,Combination Grocery/Other,ERIE,PA,16428,42.21361,-79.84268,Food & Grocery,usda_snap
Cvs Pharmacy 5097,"110 E Central Ave, Titusville, PA 16354",Combination Grocery/Other,Combination Grocery/Other,CRAWFORD,PA,16354,41.62745,-79.67272,Food & Grocery,usda_snap
Miller'S Country Store,"19177 Highway 285, Cochranton, PA 16314",Medium Grocery Store,Medium Grocery Store,CRAWFORD,PA,16314,41.52639,-80.15031,Food & Grocery,usda_snap
Cvs Pharmacy 3168,"3800 Pine Ave, Erie, PA 16504",Combination Grocery/Other,Combination Grocery/Other,ERIE,PA,16504,42.10824,-80.04917,Food & Grocery,usda_snap
Sheetz 337,"16590 Conneaut Lake Rd, Meadville, PA 16335",Convenience Store,Convenience Store,CRAWFORD,PA,16335,41.62297,-80.20483,Food & Grocery,usda_snap
Sheetz 334,"5930 Route 6N, Edinboro, PA 16412",Convenience Store,Convenience Store,ERIE,PA,16412,41.87989,-80.17395,Food & Grocery,usda_snap
Country Fair 101,"3116 W 26th St, Erie, PA 16506",Convenience Store,Convenience Store,ERIE,PA,16506,42.08631,-80.14253,Food & Grocery,usda_snap
Country Fair 102,"170 W Main St, North East, PA 16428",Convenience Store,Convenience Store,ERIE,PA,16428,42.21193,-79.84605,Food & Grocery,usda_snap
Walmart Supercenter 2278,"1825 Downs Drive, Erie, PA 16509",Super Store,Supermarket,ERIE,PA,16509,42.05115,-80.08411,Food & Grocery,usda_snap
Cvs Pharmacy 4082,"410 E 12th St, Erie, PA 16503",Combination Grocery/Other,Combination Grocery/Other,ERIE,PA,16503,42.12727,-80.07236,Food & Grocery,usda_snap
Aldi 69049,"16500 Conneaut Lake Rd, Meadville, PA 16335",Supermarket,Supermarket,CRAWFORD,PA,16335,41.62314,-80.20585,Food & Grocery,usda_snap
Walmart Supercenter 2909,"961 E Columbus Ave, Corry, PA 16407",Super Store,Supermarket,ERIE,PA,16407,41.93243,-79.61261,Food & Grocery,usda_snap
Country Fair 45,"122 Penn ST, Linesville, PA 16424",Convenience Store,Convenience Store,CRAWFORD,PA,16424,41.65646,-80.42518,Food & Grocery,usda_snap
Country Fair 61,"1449 W 8th St, Erie, PA 16502",Convenience Store,Convenience Store,ERIE,PA,16502,42.11583,-80.11531,Food & Grocery,usda_snap
Walmart Supercenter 3253,"108 Washington Towne Blvd N, Edinboro, PA 16412",Super Store,Supermarket,ERIE,PA,16412,41.87677,-80.17419,Food & Grocery,usda_snap
Country Fair 41,"5985 Route 6N, Edinboro, PA 16412",Convenience Store,Convenience Store,ERIE,PA,16412,41.87935,-80.17188,Food & Grocery,usda_snap
Mason Farms,"839 Peninsula Dr, Erie, PA 16505",Fruits/Veg Specialty,Fruits/Veg Specialty,ERIE,PA,16505,42.10304,-80.14704,Food & Grocery,usda_snap
Country Fair 65,"8080 Peach St, Erie, PA 16509",Convenience Store,Convenience Store,ERIE,PA,16509,42.04801,-80.07972,Food & Grocery,usda_snap
Country Fair 12,"430 High St, Waterford, PA 16441",Convenience Store,Convenience Store,ERIE,PA,16441,41.94419,-79.98539,Food & Grocery,usda_snap
Sander'S Markets,"109 W Main St, North East, PA 16428",Super Store,Supermarket,ERIE,PA,16428,42.21294,-79.84155,Food & Grocery,usda_snap
Cvs Pharmacy 5099,"392 North St, Meadville, PA 16335",Combination Grocery/Other,Combination Grocery/Other,CRAWFORD,PA,16335,41.63994,-80.14764,Food & Grocery,usda_snap
Schwebel Baking Co Of Pa 9,"8275 Perry Hwy, Erie, PA 16509",Bakery Specialty,Bakery Specialty,ERIE,PA,16509,42.06362,-80.03313,Food & Grocery,usda_snap
Country Fair 66,"2500 Zimmerly Rd, Erie, PA 16506",Convenience Store,Convenience Store,ERIE,PA,16506,42.06559,-80.11355,Food & Grocery,usda_snap
Livingston Quality Meats,"85 WATER ST., BOX 5181, CONNEAUT LAKE, PA 16316",Small Grocery Store,Small Grocery Store,CRAWFORD,PA,16316,41.60317,-80.30141,Food & Grocery,usda_snap
Lincan Food Mart,"35733 Danner Dr, Union City, PA 16438",Convenience Store,Convenience Store,CRAWFORD,PA,16438,41.80323,-79.8402,Food & Grocery,usda_snap
Walmart 1656,"16086 Conneaut Lake Rd, Meadville, PA 16335",Super Store,Supermarket,CRAWFORD,PA,16335,41.62225,-80.21403,Food & Grocery,usda_snap
Country Fair 29,"308 Main St W, Girard, PA 16417",Convenience Store,Convenience Store,ERIE,PA,16417,41.99933,-80.32055,Food & Grocery,usda_snap
Wegmans 69,"5028 W Ridge Rd, Erie, PA 16506",Supermarket,Supermarket,ERIE,PA,16506,42.0679,-80.18941,Food & Grocery,usda_snap
Circle K 4704212,"830 Route 19 N, Waterford, PA 16441",Convenience Store,Convenience Store,ERIE,PA,16441,42.00223,-80.03539,Food & Grocery,usda_snap
Country Fair 46,"9030 Main St, McKean, PA 16426",Convenience Store,Convenience Store,ERIE,PA,16426,41.99599,-80.14373,Food & Grocery,usda_snap
Serafin'S Food Market,"601 E 24th St, Erie, PA 16503",Small Grocery Store,Small Grocery Store,ERIE,PA,16503,42.11847,-80.06139,Food & Grocery,usda_snap
Country Fair 35,"4646 W 12th St, Erie, PA 16505",Convenience Store,Convenience Store,ERIE,PA,16505,42.08192,-80.18652,Food & Grocery,usda_snap
Valesky'S,"1044 Water St, Meadville, PA 16335",Super Store,Supermarket,CRAWFORD,PA,16335,41.63546,-80.15693,Food & Grocery,usda_snap
Tops Markets 601,"1702 E 38th St, Erie, PA 16510",Supermarket,Supermarket,ERIE,PA,16510,42.11581,-80.02995,Food & Grocery,usda_snap
Country Fair 26,"2 W State St, Albion, PA 16401",Convenience Store,Convenience Store,ERIE,PA,16401,41.89085,-80.36662,Food & Grocery,usda_snap
Aldi 69017,"4728 Buffalo Rd, Erie, PA 16510",Supermarket,Supermarket,ERIE,PA,16510,42.15031,-79.99481,Food & Grocery,usda_snap
Country Fair 43,"3826 Peach St, Erie, PA 16509",Convenience Store,Convenience Store,ERIE,PA,16509,42.09595,-80.08234,Food & Grocery,usda_snap
Country Fair 18,"7495 W Ridge Rd, Fairview, PA 16415",Convenience Store,Convenience Store,ERIE,PA,16415,42.03159,-80.25528,Food & Grocery,usda_snap
Kwik Fill 165,"271 Main St W, Girard, PA 16417",Convenience Store,Convenience Store,ERIE,PA,16417,41.9991,-80.31953,Food & Grocery,usda_snap
Kwik Fill 164,"82 E Main St, North East, PA 16428",Convenience Store,Convenience Store,ERIE,PA,16428,42.21735,-79.82986,Food & Grocery,usda_snap
Kwik Fill 174,"135 N Main St, Cambridge Springs, PA 16403",Convenience Store,Convenience Store,CRAWFORD,PA,16403,41.80548,-80.05533,Food & Grocery,usda_snap
Aldi 69020,"2647 W 12th St, Erie, PA 16505",Supermarket,Supermarket,ERIE,PA,16505,42.10171,-80.1403,Food & Grocery,usda_snap
Country Fair 40,"2617 W 26th St, Erie, PA 16506",Convenience Store,Convenience Store,ERIE,PA,16506,42.08995,-80.13147,Food & Grocery,usda_snap
Wegmans 75,"6143 Peach St, Erie, PA 16509",Supermarket,Supermarket,ERIE,PA,16509,42.06144,-80.0938,Food & Grocery,usda_snap
Tops Markets 665,"712 W 38th St, Erie, PA 16508",Supermarket,Supermarket,ERIE,PA,16508,42.09725,-80.08434,Food & Grocery,usda_snap
Country Fair 32,"5211 E Lake Rd, Erie, PA 16511",Convenience Store,Convenience Store,ERIE,PA,16511,42.17013,-79.99788,Food & Grocery,usda_snap
Tops Markets 670,"144 W Center St, Meadville, PA 16335",Supermarket,Supermarket,CRAWFORD,PA,16335,41.63988,-80.15585,Food & Grocery,usda_snap
Giant Eagle 4093,"2501 W  12th St, Erie, PA 16505",Super Store,Supermarket,ERIE,PA,16505,42.10294,-80.13697,Food & Grocery,usda_snap
Country Fair 27,"2301 Peninsula Dr, Erie, PA 16506",Convenience Store,Convenience Store,ERIE,PA,16506,42.09019,-80.13924,Food & Grocery,usda_snap
Country Fair 25,"5838 Wattsburg Rd, Erie, PA 16509",Convenience Store,Convenience Store,ERIE,PA,16509,42.0955,-80.00875,Food & Grocery,usda_snap
Country Fair 30,"18163 Conneaut Lake Rd, Meadville, PA 16335",Convenience Store,Convenience Store,CRAWFORD,PA,16335,41.62085,-80.17364,Food & Grocery,usda_snap
Buell'S Corners Store,"44467 Buells Corners Rd, Spartansburg, PA 16434",Convenience Store,Convenience Store,CRAWFORD,PA,16434,41.75213,-79.66969,Food & Grocery,usda_snap
Country Fair 48,"5866 Station Rd, Erie, PA 16510",Convenience Store,Convenience Store,ERIE,PA,16510,42.1199,-79.96597,Food & Grocery,usda_snap
Country Fair 33,"1904 E Lake Rd, Erie, PA 16511",Convenience Store,Convenience Store,ERIE,PA,16511,42.14545,-80.04303,Food & Grocery,usda_snap
Country Fair 83,"810 East Ave, Erie, PA 16503",Convenience Store,Convenience Store,ERIE,PA,16503,42.13557,-80.0617,Food & Grocery,usda_snap
Country Fair 55,"333 North St, Meadville, PA 16335",Convenience Store,Convenience Store,CRAWFORD,PA,16335,41.64094,-80.14887,Food & Grocery,usda_snap
Country Fair 98,"7650 Old Perry Hwy, Erie, PA 16509",Convenience Store,Convenience Store,ERIE,PA,16509,42.07127,-80.04185,Food & Grocery,usda_snap
Sunoco,"26 E 12th St, Erie, PA 16501",Convenience Store,Convenience Store,ERIE,PA,16501,42.12429,-80.08058,Food & Grocery,usda_snap
Country Fair 56,"4753 Buffalo Rd, Erie, PA 16510",Convenience Store,Convenience Store,ERIE,PA,16510,42.15038,-79.99454,Food & Grocery,usda_snap
Country Fair 42,"128 E Plum St, Edinboro, PA 16412",Convenience Store,Convenience Store,ERIE,PA,16412,41.8754,-80.12835,Food & Grocery,usda_snap
Country Fair 95,"76 N Main St, Union City, PA 16438",Convenience Store,Convenience Store,ERIE,PA,16438,41.90185,-79.84565,Food & Grocery,usda_snap
Urbaniak Brothers Inc,"310 E 24th St, Erie, PA 16503",Meat/Poultry Specialty,Meat/Poultry Specialty,ERIE,PA,16503,42.11637,-80.06828,Food & Grocery,usda_snap
Sheetz 159,"315 Water St, Conneaut Lake, PA 16316",Convenience Store,Convenience Store,CRAWFORD,PA,16316,41.60294,-80.30516,Food & Grocery,usda_snap
Country Fair 81,"1564 W 26th St, Erie, PA 16508",Convenience Store,Convenience Store,ERIE,PA,16508,42.09919,-80.10809,Food & Grocery,usda_snap
Country Fair 84,"7400 Peach St, Erie, PA 16509",Convenience Store,Convenience Store,ERIE,PA,16509,42.05278,-80.08516,Food & Grocery,usda_snap
Sheetz 153,"18425 Smock Hwy, Meadville, PA 16335",Convenience Store,Convenience Store,CRAWFORD,PA,16335,41.62004,-80.16877,Food & Grocery,usda_snap
Country Fair 38,"1810 Sassafras St, Erie, PA 16502",Convenience Store,Convenience Store,ERIE,PA,16502,42.11693,-80.08159,Food & Grocery,usda_snap
Country Fair 50,"2266 E 38th St, Erie, PA 16510",Convenience Store,Convenience Store,ERIE,PA,16510,42.12069,-80.01679,Food & Grocery,usda_snap
Country Fair 49,"5008 Peach St, Erie, PA 16509",Convenience Store,Convenience Store,ERIE,PA,16509,42.08091,-80.09095,Food & Grocery,usda_snap
Country Fair 1,"1939 W 8th St, Erie, PA 16505",Convenience Store,Convenience Store,ERIE,PA,16505,42.11144,-80.12733,Food & Grocery,usda_snap
Ray S Marketplace,"6131 Highway 6, Linesville, PA 16424",Large Grocery Store,Large Grocery Store,CRAWFORD,PA,16424,41.65498,-80.40763,Food & Grocery,usda_snap
Market Place,"115 W Adams St, Cochranton, PA 16314",Large Grocery Store,Large Grocery Store,CRAWFORD,PA,16314,41.51995,-80.04871,Food & Grocery,usda_snap
Country Fair 59,"4526 Pine Ave, Erie, PA 16504",Convenience Store,Convenience Store,ERIE,PA,16504,42.10637,-80.03441,Food & Grocery,usda_snap
Country Fair 58,"110 W Adams St, Cochranton, PA 16314",Convenience Store,Convenience Store,CRAWFORD,PA,16314,41.52001,-80.04872,Food & Grocery,usda_snap
Giant Eagle 4038,"4265 Buffalo Rd, Erie, PA 16510",Super Store,Supermarket,ERIE,PA,16510,42.14367,-80.00419,Food & Grocery,usda_snap
Giant Eagle 4050,"9125 W Ridge Rd, Girard, PA 16417",Super Store,Supermarket,ERIE,PA,16417,42.00966,-80.30242,Food & Grocery,usda_snap
Whole Foods Cooperative,"1341 W 26th St, Erie, PA 16508",Large Grocery Store,Large Grocery Store,ERIE,PA,16508,42.10159,-80.10152,Food & Grocery,usda_snap
Country Fair 37,"515 Main St, Saegertown, PA 16433",Convenience Store,Convenience Store,CRAWFORD,PA,16433,41.72106,-80.14825,Food & Grocery,usda_snap
Country Fair 31,"406 N Center St, Corry, PA 16407",Convenience Store,Convenience Store,ERIE,PA,16407,41.92561,-79.64106,Food & Grocery,usda_snap
Bello'S Shurfine,"2650 W 8th St, Erie, PA 16505",Supermarket,Supermarket,ERIE,PA,16505,42.1058,-80.14275,Food & Grocery,usda_snap
Country Fair 3,"347 E 12th St, Erie, PA 16503",Convenience Store,Convenience Store,ERIE,PA,16503,42.1261,-80.0731,Food & Grocery,usda_snap
Circle K 4704215,"52 S Lake St, North East, PA 16428",Convenience Store,Convenience Store,ERIE,PA,16428,42.2146,-79.83508,Food & Grocery,usda_snap
H & H Market Place,"201 Main St, Saegertown, PA 16433",Supermarket,Supermarket,CRAWFORD,PA,16433,41.71477,-80.14636,Food & Grocery,usda_snap
Country Fair 14,"3501 W 38th St, Erie, PA 16506",Convenience Store,Convenience Store,ERIE,PA,16506,42.07286,-80.14605,Food & Grocery,usda_snap
Country Fair 72,"2905 Buffalo Rd, Erie, PA 16510",Convenience Store,Convenience Store,ERIE,PA,16510,42.13904,-80.01687,Food & Grocery,usda_snap
Tops Markets 668,"19 E High St, Union City, PA 16438",Supermarket,Supermarket,ERIE,PA,16438,41.89968,-79.84404,Food & Grocery,usda_snap
Circle K 4704216,"3327 Pine Ave, Erie, PA 16504",Convenience Store,Convenience Store,ERIE,PA,16504,42.11032,-80.05595,Food & Grocery,usda_snap
Country Fair 2,"957 E 26th St, Erie, PA 16504",Convenience Store,Convenience Store,ERIE,PA,16504,42.11998,-80.05162,Food & Grocery,usda_snap
