tract_code,county_fips,year,NAME,total_population,median_age,pct_white_non_hispanic,pct_black,pct_hispanic,pct_asian,pct_other,white_non_hispanic,black_alone,hispanic_latino,asian_alone,race_total
010304,049,2019,"Census Tract 103.04, Erie County, Pennsylvania",4278,49.5,96.8,0.7,1.3,0.5,0.7,4141,28,55,20,4278
010500,049,2019,"Census Tract 105, Erie County, Pennsylvania",3659,47.5,85.7,7.2,0.0,0.3,6.8,3136,262,0,11,3659
010903,049,2019,"Census Tract 109.03, Erie County, Pennsylvania",6435,40.2,91.6,2.7,1.5,1.0,3.2,5896,176,96,66,6435
011002,049,2019,"Census Tract 110.02, Erie County, Pennsylvania",4870,36.7,85.1,1.8,3.3,5.2,4.6,4145,86,161,252,4870
011101,049,2019,"Census Tract 111.01, Erie County, Pennsylvania",5417,38.7,95.1,1.9,0.8,0.6,1.6,5150,101,46,30,5417
011801,049,2019,"Census Tract 118.01, Erie County, Pennsylvania",2759,41.1,98.1,0.0,0.3,0.4,1.2,2707,0,7,10,2759
001100,049,2019,"Census Tract 11, Erie County, Pennsylvania",2780,37.4,71.3,1.8,16.0,0.1,10.8,1982,49,445,4,2780
002500,049,2019,"Census Tract 25, Erie County, Pennsylvania",2425,28.7,60.9,25.0,2.0,0.8,11.3,1477,607,49,19,2425
002700,049,2019,"Census Tract 27, Erie County, Pennsylvania",6839,42.2,78.5,8.9,8.7,2.6,1.3,5371,609,594,179,6839
010202,049,2019,"Census Tract 102.02, Erie County, Pennsylvania",5311,47.0,95.7,0.0,2.3,0.0,2.0,5081,0,122,0,5311
010301,049,2019,"Census Tract 103.01, Erie County, Pennsylvania",4851,43.2,95.6,0.5,0.5,0.0,3.4,4637,25,24,0,4851
011507,049,2019,"Census Tract 115.07, Erie County, Pennsylvania",3221,47.7,98.1,0.8,1.0,0.0,0.1,3160,25,31,0,3221
011600,049,2019,"Census Tract 116, Erie County, Pennsylvania",4108,34.5,90.1,1.8,5.3,0.1,2.7,3701,73,216,3,4108
012201,049,2019,"Census Tract 122.01, Erie County, Pennsylvania",6030,46.0,95.7,0.8,1.9,0.2,1.4,5771,51,112,11,6030
010201,049,2019,"Census Tract 102.01, Erie County, Pennsylvania",5932,38.2,89.5,1.5,7.8,0.0,1.2,5307,89,461,0,5932
001500,049,2019,"Census Tract 15, Erie County, Pennsylvania",3107,22.5,27.3,34.3,19.2,11.0,8.2,849,1067,597,342,3107
001600,049,2019,"Census Tract 16, Erie County, Pennsylvania",4413,36.0,61.3,20.8,12.6,0.5,4.8,2703,919,557,23,4413
002300,049,2019,"Census Tract 23, Erie County, Pennsylvania",2708,35.9,82.6,9.8,2.8,1.8,3.0,2237,265,75,49,2708
010400,049,2019,"Census Tract 104, Erie County, Pennsylvania",4776,47.0,94.9,0.1,0.5,1.5,3.0,4533,5,22,71,4776
010902,049,2019,"Census Tract 109.02, Erie County, Pennsylvania",4319,47.4,95.3,1.1,1.4,0.6,1.6,4114,47,62,25,4319
011201,049,2019,"Census Tract 112.01, Erie County, Pennsylvania",4555,46.4,95.9,0.0,1.6,0.7,1.8,4366,0,71,34,4555
001700,049,2019,"Census Tract 17, Erie County, Pennsylvania",2642,31.0,41.4,37.3,9.7,4.0,7.6,1093,986,257,105,2642
002100,049,2019,"Census Tract 21, Erie County, Pennsylvania",3714,44.9,95.5,2.7,0.7,0.9,0.2,3546,100,26,32,3714
002600,049,2019,"Census Tract 26, Erie County, Pennsylvania",3840,38.5,67.7,17.9,5.0,4.3,5.1,2601,689,193,165,3840
010700,049,2019,"Census Tract 107, Erie County, Pennsylvania",4081,35.7,89.3,3.4,3.4,1.7,2.2,3643,140,137,68,4081
010904,049,2019,"Census Tract 109.04, Erie County, Pennsylvania",5283,44.1,93.2,1.0,0.9,3.3,1.6,4925,52,48,174,5283
011300,049,2019,"Census Tract 113, Erie County, Pennsylvania",3185,36.3,88.5,0.8,4.8,2.3,3.6,2819,24,152,73,3185
011503,049,2019,"Census Tract 115.03, Erie County, Pennsylvania",3875,51.9,95.2,1.5,0.9,1.8,0.6,3689,58,36,68,3875
011701,049,2019,"Census Tract 117.01, Erie County, Pennsylvania",3025,48.6,91.8,2.7,2.6,0.9,2.0,2778,83,79,26,3025
012002,049,2019,"Census Tract 120.02, Erie County, Pennsylvania",3189,40.8,97.6,0.0,1.1,0.0,1.3,3112,0,36,0,3189
000800,049,2019,"Census Tract 8, Erie County, Pennsylvania",1971,33.4,41.8,27.8,18.6,9.9,1.9,823,547,366,196,1971
002200,049,2019,"Census Tract 22, Erie County, Pennsylvania",4193,37.5,88.3,3.1,1.6,0.0,7.0,3702,131,69,0,4193
010101,049,2019,"Census Tract 101.01, Erie County, Pennsylvania",3331,44.3,93.5,0.5,0.2,0.0,5.8,3113,16,7,0,3331
010303,049,2019,"Census Tract 103.03, Erie County, Pennsylvania",5828,43.7,94.1,0.4,1.7,0.4,3.4,5483,24,98,24,5828
011001,049,2019,"Census Tract 110.01, Erie County, Pennsylvania",6449,44.1,87.1,3.4,2.3,2.7,4.5,5617,220,146,173,6449
012001,049,2019,"Census Tract 120.01, Erie County, Pennsylvania",2586,48.4,96.6,0.0,2.3,0.3,0.8,2499,1,60,9,2586
000600,049,2019,"Census Tract 6, Erie County, Pennsylvania",3136,35.7,54.6,25.9,14.6,2.3,2.6,1713,813,457,72,3136
002400,049,2019,"Census Tract 24, Erie County, Pennsylvania",3287,32.9,79.8,4.4,10.2,0.0,5.6,2624,143,335,0,3287
000700,049,2019,"Census Tract 7, Erie County, Pennsylvania",2183,29.5,42.2,31.7,20.2,1.9,4.0,921,692,441,41,2183
011802,049,2019,"Census Tract 118.02, Erie County, Pennsylvania",3200,46.9,98.8,0.1,0.1,0.5,0.5,3163,3,4,17,3200
012300,049,2019,"Census Tract 123, Erie County, Pennsylvania",7646,23.0,92.4,0.9,0.7,3.4,2.6,7067,69,55,262,7646
012400,049,2019,"Census Tract 124, Erie County, Pennsylvania",1482,49.2,91.2,1.8,2.2,2.6,2.2,1352,26,32,38,1482
980109,049,2019,"Census Tract 9801.09, Erie County, Pennsylvania",2467,38.5,45.7,45.8,6.6,0.0,1.9,1127,1130,164,0,2467
990000,049,2019,"Census Tract 9900, Erie County, Pennsylvania",0,-666666666.0,,,,,,0,0,0,0,0
000200,049,2019,"Census Tract 2, Erie County, Pennsylvania",3824,51.8,92.5,2.5,2.6,1.9,0.5,3536,96,99,73,3824
000400,049,2019,"Census Tract 4, Erie County, Pennsylvania",2380,32.8,54.0,20.0,3.7,8.6,13.7,1285,475,88,204,2380
001900,049,2019,"Census Tract 19, Erie County, Pennsylvania",1734,49.1,74.4,18.9,3.7,2.1,0.9,1290,327,65,37,1734
002000,049,2019,"Census Tract 20, Erie County, Pennsylvania",3519,32.3,67.6,5.8,19.4,1.3,5.9,2379,204,683,47,3519
002800,049,2019,"Census Tract 28, Erie County, Pennsylvania",6522,29.4,91.4,3.7,1.2,3.1,0.6,5961,243,76,202,6522
010103,049,2019,"Census Tract 101.03, Erie County, Pennsylvania",1914,43.5,97.1,0.0,2.0,0.0,0.9,1859,0,39,0,1914
010107,049,2019,"Census Tract 101.07, Erie County, Pennsylvania",1539,43.9,94.3,1.6,2.6,0.8,0.7,1452,24,40,12,1539
010800,049,2019,"Census Tract 108, Erie County, Pennsylvania",3484,43.3,96.1,0.4,2.3,0.8,0.4,3348,13,79,29,3484
011102,049,2019,"Census Tract 111.02, Erie County, Pennsylvania",3042,46.5,94.3,1.6,0.2,2.8,1.1,2870,48,5,85,3042
012100,049,2019,"Census Tract 121, Erie County, Pennsylvania",7304,41.8,95.6,0.1,1.8,0.4,2.1,6984,7,132,29,7304
011400,049,2019,"Census Tract 114, Erie County, Pennsylvania",3813,37.5,93.5,1.2,4.1,0.3,0.9,3565,44,155,10,3813
011900,049,2019,"Census Tract 119, Erie County, Pennsylvania",6332,42.4,91.1,4.6,3.0,0.2,1.1,5766,290,189,15,6332
012202,049,2019,"Census Tract 122.02, Erie County, Pennsylvania",5794,23.4,89.3,4.4,1.8,2.3,2.2,5172,256,104,132,5794
000100,049,2019,"Census Tract 1, Erie County, Pennsylvania",1365,59.2,57.2,34.9,5.1,0.3,2.5,781,476,70,4,1365
000500,049,2019,"Census Tract 5, Erie County, Pennsylvania",3353,33.6,53.0,21.7,20.5,2.9,1.9,1778,728,688,97,3353
000900,049,2019,"Census Tract 9, Erie County, Pennsylvania",4934,27.0,75.6,10.4,6.8,2.7,4.5,3732,515,334,134,4934
001000,049,2019,"Census Tract 10, Erie County, Pennsylvania",3332,30.3,66.8,14.4,7.9,0.4,10.5,2226,479,262,12,3332
001800,049,2019,"Census Tract 18, Erie County, Pennsylvania",1966,25.7,31.7,48.2,11.1,1.4,7.6,623,948,219,28,1966
010104,049,2019,"Census Tract 101.04, Erie County, Pennsylvania",2310,46.3,95.9,1.1,0.9,0.5,1.6,2215,26,21,12,2310
011202,049,2019,"Census Tract 112.02, Erie County, Pennsylvania",7033,48.3,96.0,0.2,1.5,0.2,2.1,6754,15,105,12,7033
011505,049,2019,"Census Tract 115.05, Erie County, Pennsylvania",2598,50.7,95.4,0.7,2.7,0.0,1.2,2479,19,69,0,2598
011702,049,2019,"Census Tract 117.02, Erie County, Pennsylvania",5261,43.5,98.4,0.8,0.1,0.0,0.7,5178,42,3,0,5261
000300,049,2019,"Census Tract 3, Erie County, Pennsylvania",3374,32.9,78.0,13.0,3.5,2.2,3.3,2633,438,119,73,3374
001200,049,2019,"Census Tract 12, Erie County, Pennsylvania",2256,31.5,42.6,33.5,5.5,6.9,11.5,961,755,124,156,2256
001300,049,2019,"Census Tract 13, Erie County, Pennsylvania",1849,22.6,28.9,42.8,20.4,2.4,5.5,535,791,378,45,1849
001400,049,2019,"Census Tract 14, Erie County, Pennsylvania",2342,32.9,53.8,23.4,10.5,6.4,5.9,1261,549,245,149,2342
002900,049,2019,"Census Tract 29, Erie County, Pennsylvania",2889,48.3,95.9,3.0,0.4,0.0,0.7,2770,86,11,0,2889
003000,049,2019,"Census Tract 30, Erie County, Pennsylvania",4386,36.6,77.0,8.5,2.9,5.7,5.9,3379,375,129,249,4386
111500,039,2019,"Census Tract 1115, Crawford County, Pennsylvania",5144,42.9,86.7,5.0,2.3,0.1,5.9,4460,256,119,4,5144
111600,039,2019,"Census Tract 1116, Crawford County, Pennsylvania",3469,38.6,90.0,3.1,1.5,0.4,5.0,3123,109,53,13,3469
111300,039,2019,"Census Tract 1113, Crawford County, Pennsylvania",5469,41.8,96.5,0.7,0.5,0.4,1.9,5277,40,30,21,5469
111200,039,2019,"Census Tract 1112, Crawford County, Pennsylvania",2440,39.8,97.0,0.5,1.2,1.3,0.0,2367,12,29,32,2440
111400,039,2019,"Census Tract 1114, Crawford County, Pennsylvania",4658,41.8,94.7,2.1,2.3,0.3,0.6,4410,96,106,15,4658
111900,039,2019,"Census Tract 1119, Crawford County, Pennsylvania",3358,43.2,98.0,0.0,0.2,0.4,1.4,3291,0,8,12,3358
110400,039,2019,"Census Tract 1104, Crawford County, Pennsylvania",2775,48.5,96.9,0.0,1.5,0.3,1.3,2688,0,43,7,2775
110600,039,2019,"Census Tract 1106, Crawford County, Pennsylvania",2852,47.4,94.8,0.0,1.7,0.5,3.0,2705,0,48,15,2852
111800,039,2019,"Census Tract 1118, Crawford County, Pennsylvania",5423,49.4,94.5,0.3,0.7,2.7,1.8,5124,14,38,146,5423
110700,039,2019,"Census Tract 1107, Crawford County, Pennsylvania",4013,45.2,97.2,0.2,1.5,0.3,0.8,3900,10,60,13,4013
110201,039,2019,"Census Tract 1102.01, Crawford County, Pennsylvania",3855,44.2,97.6,0.4,1.1,0.0,0.9,3763,17,43,0,3855
110202,039,2019,"Census Tract 1102.02, Crawford County, Pennsylvania",4555,38.6,89.4,4.9,3.0,0.7,2.0,4071,221,138,34,4555
110501,039,2019,"Census Tract 1105.01, Crawford County, Pennsylvania",2005,46.0,98.5,0.0,0.4,0.5,0.6,1975,0,8,11,2005
110502,039,2019,"Census Tract 1105.02, Crawford County, Pennsylvania",3697,48.0,98.6,0.1,0.9,0.0,0.4,3647,3,32,0,3697
112001,039,2019,"Census Tract 1120.01, Crawford County, Pennsylvania",2343,56.4,96.3,0.0,2.4,0.2,1.1,2256,0,56,4,2343
112002,039,2019,"Census Tract 1120.02, Crawford County, Pennsylvania",1284,55.8,98.0,0.0,0.4,0.0,1.6,1258,0,5,0,1284
111700,039,2019,"Census Tract 1117, Crawford County, Pennsylvania",4662,25.7,82.8,6.9,2.7,1.7,5.9,3860,322,128,77,4662
110300,039,2019,"Census Tract 1103, Crawford County, Pennsylvania",4261,42.9,97.2,0.8,1.1,0.1,0.8,4143,33,47,6,4261
110800,039,2019,"Census Tract 1108, Crawford County, Pennsylvania",4641,43.8,97.1,0.8,0.7,0.3,1.1,4507,38,33,16,4641
110900,039,2019,"Census Tract 1109, Crawford County, Pennsylvania",3039,45.6,98.2,0.5,0.6,0.2,0.5,2983,15,19,5,3039
111000,039,2019,"Census Tract 1110, Crawford County, Pennsylvania",2652,44.6,96.3,1.5,0.9,0.2,1.1,2553,41,24,4,2652
110100,039,2019,"Census Tract 1101, Crawford County, Pennsylvania",6246,32.5,98.7,0.5,0.4,0.1,0.3,6164,31,25,4,6246
111100,039,2019,"Census Tract 1111, Crawford County, Pennsylvania",2824,39.4,95.0,3.0,1.0,0.8,0.2,2683,84,27,23,2824
000100,049,2020,"Census Tract 1, Erie County, Pennsylvania",1276,59.9,66.3,23.8,7.4,0.0,2.5,846,304,94,0,1276
000200,049,2020,"Census Tract 2, Erie County, Pennsylvania",3649,53.4,88.5,2.7,3.5,3.4,1.9,3230,98,127,124,3649
000300,049,2020,"Census Tract 3, Erie County, Pennsylvania",3154,28.8,68.3,13.0,4.9,2.0,11.8,2153,411,155,63,3154
000400,049,2020,"Census Tract 4, Erie County, Pennsylvania",2250,36.3,54.1,14.5,8.9,6.4,16.1,1217,327,200,145,2250
000500,049,2020,"Census Tract 5, Erie County, Pennsylvania",3406,29.2,45.5,34.9,18.0,1.1,0.5,1550,1187,612,39,3406
000600,049,2020,"Census Tract 6, Erie County, Pennsylvania",3141,28.6,51.6,22.8,17.9,2.2,5.5,1621,717,561,68,3141
000700,049,2020,"Census Tract 7, Erie County, Pennsylvania",2036,36.0,49.5,30.8,14.2,2.3,3.2,1007,628,290,46,2036
000800,049,2020,"Census Tract 8, Erie County, Pennsylvania",1938,37.9,41.6,27.4,18.6,10.0,2.4,806,531,361,194,1938
000901,049,2020,"Census Tract 9.01, Erie County, Pennsylvania",2563,43.8,70.2,19.5,8.0,0.0,2.3,1799,499,206,0,2563
000902,049,2020,"Census Tract 9.02, Erie County, Pennsylvania",2519,24.7,84.3,5.4,4.0,1.7,4.6,2124,135,100,43,2519
001000,049,2020,"Census Tract 10, Erie County, Pennsylvania",3102,29.5,74.4,7.1,8.8,0.3,9.4,2308,220,272,8,3102
001100,049,2020,"Census Tract 11, Erie County, Pennsylvania",2662,38.0,71.0,2.1,18.6,0.4,7.9,1889,55,496,11,2662
001200,049,2020,"Census Tract 12, Erie County, Pennsylvania",2502,42.2,49.1,27.9,4.5,5.4,13.1,1228,697,112,135,2502
001300,049,2020,"Census Tract 13, Erie County, Pennsylvania",1688,23.7,38.2,38.4,21.3,0.0,2.1,645,648,359,0,1688
001400,049,2020,"Census Tract 14, Erie County, Pennsylvania",2620,34.1,50.2,28.5,6.6,7.1,7.6,1314,748,173,187,2620
001500,049,2020,"Census Tract 15, Erie County, Pennsylvania",3047,22.1,23.3,41.4,16.7,8.0,10.6,709,1261,508,244,3047
001600,049,2020,"Census Tract 16, Erie County, Pennsylvania",4313,37.2,65.4,17.1,11.2,3.0,3.3,2822,736,482,129,4313
001700,049,2020,"Census Tract 17, Erie County, Pennsylvania",2726,29.6,48.9,29.9,8.4,4.5,8.3,1334,815,229,123,2726
001800,049,2020,"Census Tract 18, Erie County, Pennsylvania",2013,24.5,39.4,38.5,14.9,1.5,5.7,794,774,300,31,2013
001900,049,2020,"Census Tract 19, Erie County, Pennsylvania",1596,57.3,81.1,15.1,3.3,0.0,0.5,1294,241,53,0,1596
002000,049,2020,"Census Tract 20, Erie County, Pennsylvania",3722,33.7,69.5,5.6,13.6,3.1,8.2,2588,209,508,117,3722
002100,049,2020,"Census Tract 21, Erie County, Pennsylvania",3959,41.3,88.3,6.9,3.7,0.3,0.8,3496,272,146,11,3959
002200,049,2020,"Census Tract 22, Erie County, Pennsylvania",4036,35.3,86.3,2.9,1.5,0.0,9.3,3484,119,60,1,4036
002300,049,2020,"Census Tract 23, Erie County, Pennsylvania",2454,39.3,84.4,7.0,1.9,2.4,4.3,2071,173,47,59,2454
002400,049,2020,"Census Tract 24, Erie County, Pennsylvania",2979,32.4,76.4,2.7,11.5,0.9,8.5,2276,79,344,27,2979
002500,049,2020,"Census Tract 25, Erie County, Pennsylvania",2612,30.9,59.6,26.1,1.9,0.7,11.7,1557,681,49,19,2612
002600,049,2020,"Census Tract 26, Erie County, Pennsylvania",4119,39.3,73.9,14.5,2.8,7.1,1.7,3043,598,116,292,4119
002700,049,2020,"Census Tract 27, Erie County, Pennsylvania",6568,37.8,76.6,9.6,12.2,0.4,1.2,5034,632,804,29,6568
002800,049,2020,"Census Tract 28, Erie County, Pennsylvania",6805,29.8,91.6,4.2,0.9,2.9,0.4,6235,289,61,197,6805
002900,049,2020,"Census Tract 29, Erie County, Pennsylvania",2888,48.5,95.8,2.3,0.3,0.6,1.0,2766,67,10,17,2888
003000,049,2020,"Census Tract 30, Erie County, Pennsylvania",4273,34.2,77.2,7.7,1.4,9.0,4.7,3298,331,58,385,4273
010101,049,2020,"Census Tract 101.01, Erie County, Pennsylvania",3294,44.9,92.8,0.5,0.7,0.8,5.2,3057,15,24,25,3294
010103,049,2020,"Census Tract 101.03, Erie County, Pennsylvania",1914,47.9,97.0,0.0,1.7,0.0,1.3,1857,0,33,0,1914
010104,049,2020,"Census Tract 101.04, Erie County, Pennsylvania",2459,46.7,94.6,1.6,1.7,0.4,1.7,2327,40,43,10,2459
010107,049,2020,"Census Tract 101.07, Erie County, Pennsylvania",1342,46.5,94.4,1.3,2.4,1.0,0.9,1267,17,32,13,1342
010108,049,2020,"Census Tract 101.08, Erie County, Pennsylvania",2455,39.8,46.4,46.8,5.4,0.0,1.4,1139,1149,133,0,2455
010201,049,2020,"Census Tract 102.01, Erie County, Pennsylvania",5901,38.8,86.2,1.9,8.9,0.0,3.0,5084,114,523,0,5901
010202,049,2020,"Census Tract 102.02, Erie County, Pennsylvania",5280,47.7,97.5,0.0,2.0,0.0,0.5,5148,0,104,0,5280
010301,049,2020,"Census Tract 103.01, Erie County, Pennsylvania",4807,43.0,94.7,0.4,0.4,0.0,4.5,4551,17,17,0,4807
010303,049,2020,"Census Tract 103.03, Erie County, Pennsylvania",5300,44.2,92.7,1.0,3.2,0.4,2.7,4914,51,172,21,5300
010304,049,2020,"Census Tract 103.04, Erie County, Pennsylvania",4782,42.5,95.4,0.5,2.4,0.4,1.3,4564,23,113,18,4782
010400,049,2020,"Census Tract 104, Erie County, Pennsylvania",4809,49.3,96.5,0.0,0.3,1.2,2.0,4643,0,15,57,4809
010500,049,2020,"Census Tract 105, Erie County, Pennsylvania",3370,52.2,94.5,5.0,0.0,0.5,0.0,3183,169,0,18,3370
010700,049,2020,"Census Tract 107, Erie County, Pennsylvania",4120,37.5,86.2,5.6,1.5,1.4,5.3,3550,229,60,56,4120
010800,049,2020,"Census Tract 108, Erie County, Pennsylvania",3173,45.8,95.8,0.0,2.9,0.6,0.7,3041,0,92,19,3173
010902,049,2020,"Census Tract 109.02, Erie County, Pennsylvania",3969,49.7,93.1,1.6,1.2,1.7,2.4,3695,62,48,66,3969
010903,049,2020,"Census Tract 109.03, Erie County, Pennsylvania",6898,39.9,95.1,1.7,1.6,0.8,0.8,6561,117,109,54,6898
010904,049,2020,"Census Tract 109.04, Erie County, Pennsylvania",5481,46.8,93.8,1.0,0.7,3.2,1.3,5141,54,41,173,5481
011001,049,2020,"Census Tract 110.01, Erie County, Pennsylvania",6552,43.1,86.4,3.9,1.7,3.9,4.1,5663,258,112,256,6552
011002,049,2020,"Census Tract 110.02, Erie County, Pennsylvania",4443,40.6,86.1,1.3,2.6,6.3,3.7,3824,57,116,278,4443
011101,049,2020,"Census Tract 111.01, Erie County, Pennsylvania",5373,37.8,94.6,1.7,1.2,0.7,1.8,5083,94,67,36,5373
011102,049,2020,"Census Tract 111.02, Erie County, Pennsylvania",3236,37.8,83.3,8.6,3.9,3.2,1.0,2697,277,125,103,3236
011201,049,2020,"Census Tract 112.01, Erie County, Pennsylvania",4529,44.4,93.4,2.6,2.1,0.0,1.9,4228,116,95,0,4529
011202,049,2020,"Census Tract 112.02, Erie County, Pennsylvania",7109,49.0,93.3,0.3,3.5,0.2,2.7,6633,23,252,14,7109
011300,049,2020,"Census Tract 113, Erie County, Pennsylvania",3147,36.1,80.5,1.7,7.4,4.3,6.1,2532,54,234,134,3147
011400,049,2020,"Census Tract 114, Erie County, Pennsylvania",3780,36.4,89.1,9.0,1.0,0.6,0.3,3369,342,38,22,3780
011503,049,2020,"Census Tract 115.03, Erie County, Pennsylvania",4008,49.5,94.4,1.6,0.7,1.8,1.5,3782,65,27,73,4008
011508,049,2020,"Census Tract 115.08, Erie County, Pennsylvania",5313,50.6,92.5,0.0,0.3,5.5,1.7,4916,0,16,290,5313
011509,049,2020,"Census Tract 115.09, Erie County, Pennsylvania",2842,48.2,96.4,0.8,1.4,0.0,1.4,2739,24,39,0,2842
011510,049,2020,"Census Tract 115.10, Erie County, Pennsylvania",2806,50.5,98.6,0.6,0.5,0.0,0.3,2767,17,15,0,2806
011511,049,2020,"Census Tract 115.11, Erie County, Pennsylvania",2250,19.5,81.4,3.4,1.5,11.2,2.5,1832,77,33,252,2250
011600,049,2020,"Census Tract 116, Erie County, Pennsylvania",4065,39.6,89.3,1.7,4.3,0.1,4.6,3632,71,174,3,4065
011701,049,2020,"Census Tract 117.01, Erie County, Pennsylvania",2939,42.8,88.8,2.9,5.7,1.0,1.6,2611,85,167,28,2939
011702,049,2020,"Census Tract 117.02, Erie County, Pennsylvania",5343,38.7,93.5,1.0,3.5,0.0,2.0,4997,56,187,0,5343
011801,049,2020,"Census Tract 118.01, Erie County, Pennsylvania",2937,36.4,97.1,0.0,1.6,0.3,1.0,2853,0,47,9,2937
011802,049,2020,"Census Tract 118.02, Erie County, Pennsylvania",2973,48.9,98.7,0.1,0.3,0.4,0.5,2933,2,8,13,2973
011900,049,2020,"Census Tract 119, Erie County, Pennsylvania",6285,42.5,87.6,4.0,1.9,0.0,6.5,5503,251,118,0,6285
012001,049,2020,"Census Tract 120.01, Erie County, Pennsylvania",2665,51.1,95.2,0.0,3.3,0.4,1.1,2536,1,88,10,2665
012002,049,2020,"Census Tract 120.02, Erie County, Pennsylvania",3148,45.5,95.5,0.0,3.1,0.0,1.4,3006,0,98,0,3148
012100,049,2020,"Census Tract 121, Erie County, Pennsylvania",7247,46.5,95.6,0.0,2.6,0.5,1.3,6928,3,189,37,7247
012201,049,2020,"Census Tract 122.01, Erie County, Pennsylvania",5945,41.7,95.3,0.7,2.8,0.2,1.0,5664,42,167,13,5945
012202,049,2020,"Census Tract 122.02, Erie County, Pennsylvania",5599,24.1,93.5,2.1,1.9,1.4,1.1,5237,115,106,77,5599
012400,049,2020,"Census Tract 124, Erie County, Pennsylvania",1542,45.5,83.5,2.1,0.8,3.8,9.8,1288,32,12,58,1542
990000,049,2020,"Census Tract 9900, Erie County, Pennsylvania",0,-666666666.0,,,,,,0,0,0,0,0
110100,039,2020,"Census Tract 1101, Crawford County, Pennsylvania",6181,33.3,97.7,0.6,0.6,0.1,1.0,6041,38,36,8,6181
110201,039,2020,"Census Tract 1102.01, Crawford County, Pennsylvania",3783,44.2,96.4,0.6,1.5,0.0,1.5,3645,22,58,0,3783
110202,039,2020,"Census Tract 1102.02, Crawford County, Pennsylvania",4589,37.3,89.0,4.4,3.5,0.8,2.3,4085,201,160,38,4589
110300,039,2020,"Census Tract 1103, Crawford County, Pennsylvania",4360,43.3,96.4,1.0,0.9,0.1,1.6,4203,44,40,5,4360
110400,039,2020,"Census Tract 1104, Crawford County, Pennsylvania",2731,44.5,96.3,0.0,1.6,0.3,1.8,2631,0,45,7,2731
110501,039,2020,"Census Tract 1105.01, Crawford County, Pennsylvania",2223,37.5,96.7,0.0,2.2,0.6,0.5,2149,0,50,13,2223
110502,039,2020,"Census Tract 1105.02, Crawford County, Pennsylvania",3172,49.3,98.8,0.1,0.8,0.0,0.3,3134,4,24,0,3172
110600,039,2020,"Census Tract 1106, Crawford County, Pennsylvania",2834,48.4,95.6,0.0,1.1,0.2,3.1,2710,0,31,5,2834
110700,039,2020,"Census Tract 1107, Crawford County, Pennsylvania",4052,42.7,95.8,0.8,1.3,0.3,1.8,3880,33,51,13,4052
110800,039,2020,"Census Tract 1108, Crawford County, Pennsylvania",4652,45.8,96.6,0.7,0.9,0.5,1.3,4493,33,42,22,4652
110900,039,2020,"Census Tract 1109, Crawford County, Pennsylvania",3046,50.3,89.2,0.6,0.8,0.0,9.4,2718,17,24,1,3046
111000,039,2020,"Census Tract 1110, Crawford County, Pennsylvania",2669,42.1,96.7,1.2,1.2,0.2,0.7,2581,33,31,6,2669
111100,039,2020,"Census Tract 1111, Crawford County, Pennsylvania",2992,44.6,95.4,2.4,1.2,0.7,0.3,2855,73,37,21,2992
111200,039,2020,"Census Tract 1112, Crawford County, Pennsylvania",2208,36.5,97.6,0.5,1.0,1.0,-0.1,2155,10,22,21,2208
111300,039,2020,"Census Tract 1113, Crawford County, Pennsylvania",5412,44.1,96.0,0.7,0.6,0.3,2.4,5194,36,33,16,5412
111400,039,2020,"Census Tract 1114, Crawford County, Pennsylvania",4638,42.3,96.5,0.7,1.7,0.3,0.8,4477,31,81,16,4638
111500,039,2020,"Census Tract 1115, Crawford County, Pennsylvania",5226,41.7,88.7,5.5,1.1,0.1,4.6,4637,287,60,5,5226
111600,039,2020,"Census Tract 1116, Crawford County, Pennsylvania",3326,39.3,88.7,2.4,1.8,0.3,6.8,2949,80,59,11,3326
111700,039,2020,"Census Tract 1117, Crawford County, Pennsylvania",4529,28.3,82.9,6.4,4.2,1.7,4.8,3756,290,191,79,4529
111800,039,2020,"Census Tract 1118, Crawford County, Pennsylvania",5398,52.9,95.6,0.0,0.4,2.2,1.8,5160,0,23,118,5398
111900,039,2020,"Census Tract 1119, Crawford County, Pennsylvania",3341,38.4,98.3,0.0,0.3,0.1,1.3,3284,0,9,3,3341
112001,039,2020,"Census Tract 1120.01, Crawford County, Pennsylvania",2425,53.4,96.9,0.0,1.8,0.2,1.1,2351,0,43,5,2425
112002,039,2020,"Census Tract 1120.02, Crawford County, Pennsylvania",1287,60.7,98.1,0.0,0.5,0.0,1.4,1263,0,6,0,1287
000100,049,2021,"Census Tract 1, Erie County, Pennsylvania",1327,59.2,67.5,20.3,8.6,0.0,3.6,896,270,114,0,1327
000200,049,2021,"Census Tract 2, Erie County, Pennsylvania",3566,55.1,87.0,1.5,3.8,4.3,3.4,3103,54,136,155,3566
000300,049,2021,"Census Tract 3, Erie County, Pennsylvania",3282,29.2,69.0,10.8,4.8,2.0,13.4,2265,353,159,64,3282
000400,049,2021,"Census Tract 4, Erie County, Pennsylvania",2085,32.7,45.8,24.8,9.4,3.3,16.7,955,518,196,68,2085
000500,049,2021,"Census Tract 5, Erie County, Pennsylvania",3253,30.6,45.6,38.4,15.8,0.0,0.2,1483,1249,513,0,3253
000600,049,2021,"Census Tract 6, Erie County, Pennsylvania",3210,31.3,53.7,22.7,14.5,4.3,4.8,1725,729,465,139,3210
000700,049,2021,"Census Tract 7, Erie County, Pennsylvania",2056,44.1,53.6,28.4,15.6,0.0,2.4,1102,584,320,0,2056
000800,049,2021,"Census Tract 8, Erie County, Pennsylvania",1930,35.4,47.3,26.7,16.6,5.2,4.2,912,516,321,100,1930
000901,049,2021,"Census Tract 9.01, Erie County, Pennsylvania",2034,45.5,74.2,8.8,16.4,0.6,-0.0,1510,178,334,12,2034
000902,049,2021,"Census Tract 9.02, Erie County, Pennsylvania",2325,23.6,82.7,3.7,6.4,2.2,5.0,1922,85,149,51,2325
001000,049,2021,"Census Tract 10, Erie County, Pennsylvania",3186,29.6,72.9,6.5,7.7,0.8,12.1,2323,208,245,24,3186
001100,049,2021,"Census Tract 11, Erie County, Pennsylvania",2770,37.7,71.1,1.8,19.5,0.6,7.0,1970,51,541,17,2770
001200,049,2021,"Census Tract 12, Erie County, Pennsylvania",3026,37.6,54.4,18.1,4.4,6.9,16.2,1646,547,132,210,3026
001300,049,2021,"Census Tract 13, Erie County, Pennsylvania",1741,20.9,41.2,35.2,20.2,0.0,3.4,717,612,351,0,1741
001400,049,2021,"Census Tract 14, Erie County, Pennsylvania",2749,32.9,53.5,31.3,4.8,7.1,3.3,1470,860,133,195,2749
001500,049,2021,"Census Tract 15, Erie County, Pennsylvania",2909,22.5,21.5,44.9,15.2,6.6,11.8,626,1306,442,191,2909
001600,049,2021,"Census Tract 16, Erie County, Pennsylvania",4329,37.5,57.9,18.8,12.1,6.3,4.9,2508,813,524,271,4329
001700,049,2021,"Census Tract 17, Erie County, Pennsylvania",2713,30.0,49.3,26.8,8.8,6.2,8.9,1337,726,239,167,2713
001800,049,2021,"Census Tract 18, Erie County, Pennsylvania",1991,25.6,34.0,41.7,14.4,0.0,9.9,677,830,287,0,1991
001900,049,2021,"Census Tract 19, Erie County, Pennsylvania",1558,56.6,78.0,16.3,5.5,0.0,0.2,1216,254,85,0,1558
002000,049,2021,"Census Tract 20, Erie County, Pennsylvania",3348,32.2,64.7,6.6,17.7,3.4,7.6,2167,222,592,115,3348
002100,049,2021,"Census Tract 21, Erie County, Pennsylvania",3953,40.8,90.8,7.4,1.1,0.3,0.4,3591,292,43,10,3953
002200,049,2021,"Census Tract 22, Erie County, Pennsylvania",3848,37.3,79.3,8.4,2.1,0.2,10.0,3051,324,81,6,3848
002300,049,2021,"Census Tract 23, Erie County, Pennsylvania",2316,37.1,86.6,7.3,0.7,0.6,4.8,2005,169,16,15,2316
002400,049,2021,"Census Tract 24, Erie County, Pennsylvania",2912,31.8,80.6,1.5,7.1,0.0,10.8,2346,43,208,0,2912
002500,049,2021,"Census Tract 25, Erie County, Pennsylvania",2629,34.4,66.8,21.5,2.1,0.8,8.8,1756,564,56,22,2629
002600,049,2021,"Census Tract 26, Erie County, Pennsylvania",4200,38.6,67.8,21.1,3.5,3.5,4.1,2849,885,145,147,4200
002700,049,2021,"Census Tract 27, Erie County, Pennsylvania",6639,38.2,79.0,8.9,10.6,0.3,1.2,5248,594,705,19,6639
002800,049,2021,"Census Tract 28, Erie County, Pennsylvania",6626,29.9,88.1,2.3,1.3,4.0,4.3,5836,155,89,268,6626
002900,049,2021,"Census Tract 29, Erie County, Pennsylvania",2735,49.2,93.2,3.4,0.8,0.7,1.9,2550,93,21,18,2735
003000,049,2021,"Census Tract 30, Erie County, Pennsylvania",4290,35.9,74.2,10.8,1.7,8.6,4.7,3182,463,72,368,4290
010101,049,2021,"Census Tract 101.01, Erie County, Pennsylvania",3127,45.6,95.4,0.4,1.2,1.0,2.0,2982,13,37,30,3127
010103,049,2021,"Census Tract 101.03, Erie County, Pennsylvania",2034,47.9,97.4,0.0,0.8,0.0,1.8,1981,0,17,0,2034
010104,049,2021,"Census Tract 101.04, Erie County, Pennsylvania",2437,46.5,93.3,2.3,2.5,0.6,1.3,2273,56,61,14,2437
010107,049,2021,"Census Tract 101.07, Erie County, Pennsylvania",1329,45.4,94.9,1.0,1.8,1.0,1.3,1261,13,24,13,1329
010108,049,2021,"Census Tract 101.08, Erie County, Pennsylvania",2496,39.7,48.2,46.6,4.5,0.0,0.7,1204,1164,113,0,2496
010201,049,2021,"Census Tract 102.01, Erie County, Pennsylvania",6006,39.0,85.7,0.4,9.4,0.1,4.4,5150,24,562,7,6006
010202,049,2021,"Census Tract 102.02, Erie County, Pennsylvania",5310,47.6,97.9,0.0,1.1,0.2,0.8,5197,0,57,11,5310
010301,049,2021,"Census Tract 103.01, Erie County, Pennsylvania",4935,44.3,96.4,0.3,0.0,0.0,3.3,4756,15,0,0,4935
010303,049,2021,"Census Tract 103.03, Erie County, Pennsylvania",5836,39.4,91.9,0.7,2.8,1.0,3.6,5364,41,165,58,5836
010304,049,2021,"Census Tract 103.04, Erie County, Pennsylvania",5193,40.4,92.7,0.4,3.0,0.5,3.4,4813,23,156,26,5193
010400,049,2021,"Census Tract 104, Erie County, Pennsylvania",4933,48.4,97.3,0.2,0.4,0.7,1.4,4800,12,20,34,4933
010500,049,2021,"Census Tract 105, Erie County, Pennsylvania",3698,51.1,94.8,3.6,0.7,0.9,0.0,3505,134,26,33,3698
010700,049,2021,"Census Tract 107, Erie County, Pennsylvania",4184,38.1,88.2,0.8,2.1,2.0,6.9,3692,35,87,84,4184
010800,049,2021,"Census Tract 108, Erie County, Pennsylvania",3449,43.4,93.8,1.3,2.6,1.1,1.2,3234,44,91,38,3449
010902,049,2021,"Census Tract 109.02, Erie County, Pennsylvania",4014,51.6,93.0,1.2,1.7,2.2,1.9,3732,49,67,87,4014
010903,049,2021,"Census Tract 109.03, Erie County, Pennsylvania",6985,37.9,93.1,1.8,1.5,2.0,1.6,6506,127,106,140,6985
010904,049,2021,"Census Tract 109.04, Erie County, Pennsylvania",5565,46.9,92.5,1.0,0.9,4.7,0.9,5150,53,50,260,5565
011001,049,2021,"Census Tract 110.01, Erie County, Pennsylvania",6806,43.2,88.9,2.1,1.1,4.2,3.7,6053,143,76,284,6806
011002,049,2021,"Census Tract 110.02, Erie County, Pennsylvania",4322,42.6,89.8,0.7,2.8,5.0,1.7,3879,30,121,217,4322
011101,049,2021,"Census Tract 111.01, Erie County, Pennsylvania",5280,37.2,87.4,3.4,3.0,0.5,5.7,4615,179,161,25,5280
011102,049,2021,"Census Tract 111.02, Erie County, Pennsylvania",3317,37.4,85.9,4.2,7.5,0.0,2.4,2848,140,248,0,3317
011201,049,2021,"Census Tract 112.01, Erie County, Pennsylvania",4508,45.6,92.4,2.6,1.8,0.1,3.1,4164,116,82,3,4508
011202,049,2021,"Census Tract 112.02, Erie County, Pennsylvania",7300,45.9,91.1,0.3,5.7,0.1,2.8,6648,24,418,7,7300
011300,049,2021,"Census Tract 113, Erie County, Pennsylvania",3238,36.8,81.0,1.3,7.1,4.1,6.5,2623,41,229,134,3238
011400,049,2021,"Census Tract 114, Erie County, Pennsylvania",3833,35.9,87.0,9.7,0.5,1.5,1.3,3333,371,18,56,3833
011503,049,2021,"Census Tract 115.03, Erie County, Pennsylvania",3948,45.8,95.4,1.4,0.6,1.2,1.4,3768,57,22,48,3948
011508,049,2021,"Census Tract 115.08, Erie County, Pennsylvania",5104,48.3,91.0,0.0,1.6,5.3,2.1,4645,0,82,272,5104
011509,049,2021,"Census Tract 115.09, Erie County, Pennsylvania",2740,46.8,95.1,0.3,2.5,0.0,2.1,2606,9,68,0,2740
011510,049,2021,"Census Tract 115.10, Erie County, Pennsylvania",2658,53.2,97.0,0.8,0.9,0.8,0.5,2579,22,25,20,2658
011511,049,2021,"Census Tract 115.11, Erie County, Pennsylvania",2215,19.5,80.9,3.7,0.4,13.1,1.9,1791,82,8,290,2215
011600,049,2021,"Census Tract 116, Erie County, Pennsylvania",4134,39.4,89.1,0.4,2.8,0.6,7.1,3682,18,117,26,4134
011701,049,2021,"Census Tract 117.01, Erie County, Pennsylvania",3026,42.2,87.2,3.7,7.0,0.6,1.5,2638,112,212,19,3026
011702,049,2021,"Census Tract 117.02, Erie County, Pennsylvania",5525,40.7,93.1,1.0,3.9,0.0,2.0,5142,54,215,0,5525
011801,049,2021,"Census Tract 118.01, Erie County, Pennsylvania",2847,36.0,97.6,0.0,1.4,0.2,0.8,2780,1,40,6,2847
011802,049,2021,"Census Tract 118.02, Erie County, Pennsylvania",2832,49.6,97.9,0.1,0.7,0.7,0.6,2772,2,21,19,2832
011900,049,2021,"Census Tract 119, Erie County, Pennsylvania",6251,38.4,86.1,3.5,3.4,0.5,6.5,5383,218,212,29,6251
012001,049,2021,"Census Tract 120.01, Erie County, Pennsylvania",2605,51.4,94.7,0.0,2.8,1.0,1.5,2467,1,74,27,2605
012002,049,2021,"Census Tract 120.02, Erie County, Pennsylvania",2976,46.2,94.2,0.0,3.6,0.0,2.2,2804,0,107,0,2976
012100,049,2021,"Census Tract 121, Erie County, Pennsylvania",6950,47.5,94.3,0.1,3.7,0.5,1.4,6553,6,260,34,6950
012201,049,2021,"Census Tract 122.01, Erie County, Pennsylvania",5855,43.6,94.5,1.2,3.1,0.0,1.2,5533,70,180,0,5855
012202,049,2021,"Census Tract 122.02, Erie County, Pennsylvania",5097,27.0,95.3,1.3,0.9,1.3,1.2,4855,65,45,65,5097
012400,049,2021,"Census Tract 124, Erie County, Pennsylvania",1469,48.8,85.4,1.8,1.0,0.9,10.9,1255,27,14,13,1469
990000,049,2021,"Census Tract 9900, Erie County, Pennsylvania",0,-666666666.0,,,,,,0,0,0,0,0
110100,039,2021,"Census Tract 1101, Crawford County, Pennsylvania",6242,33.6,97.2,0.4,0.9,0.1,1.4,6067,22,57,5,6242
110201,039,2021,"Census Tract 1102.01, Crawford County, Pennsylvania",3738,45.2,95.9,0.5,1.4,0.0,2.2,3584,20,54,0,3738
110202,039,2021,"Census Tract 1102.02, Crawford County, Pennsylvania",4334,38.0,88.7,4.6,3.7,0.7,2.3,3846,201,159,31,4334
110300,039,2021,"Census Tract 1103, Crawford County, Pennsylvania",4416,43.4,96.6,1.1,0.9,0.2,1.2,4267,47,38,9,4416
110400,039,2021,"Census Tract 1104, Crawford County, Pennsylvania",2661,45.6,95.6,0.0,2.5,0.0,1.9,2543,0,66,1,2661
110501,039,2021,"Census Tract 1105.01, Crawford County, Pennsylvania",2197,35.0,97.2,0.0,2.3,0.5,-0.0,2136,0,50,11,2197
110502,039,2021,"Census Tract 1105.02, Crawford County, Pennsylvania",2911,53.4,97.2,0.0,1.1,0.0,1.7,2830,0,33,0,2911
110600,039,2021,"Census Tract 1106, Crawford County, Pennsylvania",2791,48.7,95.8,0.0,1.0,0.0,3.2,2674,0,29,1,2791
110700,039,2021,"Census Tract 1107, Crawford County, Pennsylvania",3946,42.2,94.1,1.6,1.9,0.7,1.7,3713,63,75,27,3946
110800,039,2021,"Census Tract 1108, Crawford County, Pennsylvania",4695,44.7,95.6,1.2,0.9,0.4,1.9,4487,56,43,19,4695
110900,039,2021,"Census Tract 1109, Crawford County, Pennsylvania",2863,49.7,91.7,1.3,1.0,0.2,5.8,2624,38,28,6,2863
111000,039,2021,"Census Tract 1110, Crawford County, Pennsylvania",2497,45.2,97.8,0.4,1.0,0.1,0.7,2442,10,25,3,2497
111100,039,2021,"Census Tract 1111, Crawford County, Pennsylvania",2868,47.3,94.2,2.8,0.8,1.2,1.0,2702,81,23,35,2868
111200,039,2021,"Census Tract 1112, Crawford County, Pennsylvania",2446,36.0,97.3,0.0,0.8,1.1,0.8,2379,0,19,28,2446
111300,039,2021,"Census Tract 1113, Crawford County, Pennsylvania",5340,44.3,96.4,0.3,0.7,0.4,2.2,5146,15,39,19,5340
111400,039,2021,"Census Tract 1114, Crawford County, Pennsylvania",4682,42.5,97.3,0.3,1.1,0.0,1.3,4556,13,51,0,4682
111500,039,2021,"Census Tract 1115, Crawford County, Pennsylvania",5358,38.0,86.6,6.0,0.9,1.0,5.5,4639,323,50,53,5358
111600,039,2021,"Census Tract 1116, Crawford County, Pennsylvania",3404,40.8,93.3,1.9,1.8,0.3,2.7,3175,66,60,11,3404
111700,039,2021,"Census Tract 1117, Crawford County, Pennsylvania",4590,28.3,83.4,6.0,3.9,2.5,4.2,3828,274,181,115,4590
111800,039,2021,"Census Tract 1118, Crawford County, Pennsylvania",5374,53.6,94.1,0.9,0.8,1.6,2.6,5057,51,42,87,5374
111900,039,2021,"Census Tract 1119, Crawford County, Pennsylvania",3423,36.9,96.6,0.2,0.2,0.3,2.7,3307,6,7,10,3423
112001,039,2021,"Census Tract 1120.01, Crawford County, Pennsylvania",2417,53.6,96.2,0.0,2.2,0.4,1.2,2326,0,53,9,2417
112002,039,2021,"Census Tract 1120.02, Crawford County, Pennsylvania",1302,59.6,96.5,0.0,2.5,0.0,1.0,1257,0,33,0,1302
000100,049,2022,Census Tract 1; Erie County; Pennsylvania,1365,57.8,71.2,17.2,8.2,0.4,3.0,972,235,112,6,1365
000200,049,2022,Census Tract 2; Erie County; Pennsylvania,3518,54.8,87.3,1.3,4.3,3.9,3.2,3070,46,151,137,3518
000300,049,2022,Census Tract 3; Erie County; Pennsylvania,3674,27.3,64.4,11.4,5.3,3.2,15.7,2367,417,195,117,3674
000400,049,2022,Census Tract 4; Erie County; Pennsylvania,1984,41.6,50.7,18.8,11.3,3.7,15.5,1005,373,225,74,1984
000500,049,2022,Census Tract 5; Erie County; Pennsylvania,3239,32.5,49.5,35.1,12.7,0.6,2.1,1602,1136,412,20,3239
000600,049,2022,Census Tract 6; Erie County; Pennsylvania,3316,29.7,50.3,17.7,24.4,3.3,4.3,1669,588,808,108,3316
000700,049,2022,Census Tract 7; Erie County; Pennsylvania,2236,40.4,57.0,25.4,15.2,0.0,2.4,1274,569,339,0,2236
000800,049,2022,Census Tract 8; Erie County; Pennsylvania,2192,33.1,41.8,36.5,10.5,3.9,7.3,916,800,231,85,2192
000901,049,2022,Census Tract 9.01; Erie County; Pennsylvania,2316,31.2,71.9,16.4,11.0,0.6,0.1,1666,380,255,15,2316
000902,049,2022,Census Tract 9.02; Erie County; Pennsylvania,2283,22.6,74.8,7.6,6.1,5.0,6.5,1707,174,139,114,2283
001000,049,2022,Census Tract 10; Erie County; Pennsylvania,3127,30.4,67.9,13.4,7.0,2.3,9.4,2124,418,220,71,3127
001100,049,2022,Census Tract 11; Erie County; Pennsylvania,2909,35.2,63.7,2.2,22.2,0.2,11.7,1853,65,647,6,2909
001200,049,2022,Census Tract 12; Erie County; Pennsylvania,2561,36.0,49.6,26.3,2.7,0.9,20.5,1271,673,70,24,2561
001300,049,2022,Census Tract 13; Erie County; Pennsylvania,1805,22.4,38.4,40.5,18.2,0.0,2.9,694,731,329,0,1805
001400,049,2022,Census Tract 14; Erie County; Pennsylvania,2349,34.2,49.0,35.0,3.9,9.3,2.8,1152,823,91,219,2349
001500,049,2022,Census Tract 15; Erie County; Pennsylvania,3128,22.7,16.2,56.4,18.8,2.4,6.2,506,1764,589,75,3128
001600,049,2022,Census Tract 16; Erie County; Pennsylvania,4084,43.0,64.4,14.9,10.7,6.1,3.9,2631,607,437,248,4084
001700,049,2022,Census Tract 17; Erie County; Pennsylvania,2651,30.8,54.5,19.2,9.4,5.4,11.5,1446,510,249,144,2651
001800,049,2022,Census Tract 18; Erie County; Pennsylvania,1991,31.6,34.8,45.3,12.2,0.0,7.7,693,902,242,0,1991
001900,049,2022,Census Tract 19; Erie County; Pennsylvania,1705,56.5,79.5,12.6,7.7,0.0,0.2,1355,215,132,0,1705
002000,049,2022,Census Tract 20; Erie County; Pennsylvania,3122,32.4,68.2,7.0,12.6,5.2,7.0,2129,217,392,163,3122
002100,049,2022,Census Tract 21; Erie County; Pennsylvania,3680,42.7,89.5,7.2,1.1,0.0,2.2,3294,264,41,0,3680
002200,049,2022,Census Tract 22; Erie County; Pennsylvania,3714,37.3,80.6,6.7,2.6,0.1,10.0,2993,249,97,3,3714
002300,049,2022,Census Tract 23; Erie County; Pennsylvania,2250,37.7,88.5,5.5,0.9,0.0,5.1,1991,124,20,0,2250
002400,049,2022,Census Tract 24; Erie County; Pennsylvania,2898,34.6,79.9,3.3,7.2,0.0,9.6,2315,96,209,0,2898
002500,049,2022,Census Tract 25; Erie County; Pennsylvania,2470,31.6,56.3,28.7,6.2,1.9,6.9,1391,710,152,46,2470
002600,049,2022,Census Tract 26; Erie County; Pennsylvania,4190,38.5,71.7,10.1,8.2,3.2,6.8,3004,425,344,135,4190
002700,049,2022,Census Tract 27; Erie County; Pennsylvania,6474,39.3,79.8,9.4,8.1,0.1,2.6,5167,606,525,6,6474
002800,049,2022,Census Tract 28; Erie County; Pennsylvania,6642,29.4,85.7,3.8,1.2,3.2,6.1,5689,255,78,213,6642
002900,049,2022,Census Tract 29; Erie County; Pennsylvania,2698,49.7,92.7,2.7,1.6,0.7,2.3,2501,74,43,20,2698
003000,049,2022,Census Tract 30; Erie County; Pennsylvania,4255,35.9,76.9,9.3,2.9,6.6,4.3,3271,397,124,280,4255
010101,049,2022,Census Tract 101.01; Erie County; Pennsylvania,3096,46.0,94.3,0.5,0.5,0.9,3.8,2919,16,17,27,3096
010103,049,2022,Census Tract 101.03; Erie County; Pennsylvania,1999,47.5,96.0,0.0,1.2,0.0,2.8,1919,0,24,0,1999
010104,049,2022,Census Tract 101.04; Erie County; Pennsylvania,2472,45.4,94.0,2.3,2.1,0.3,1.3,2323,58,52,8,2472
010107,049,2022,Census Tract 101.07; Erie County; Pennsylvania,1320,46.1,94.7,1.1,1.5,1.0,1.7,1250,14,20,13,1320
010108,049,2022,Census Tract 101.08; Erie County; Pennsylvania,2154,41.6,48.3,46.8,4.4,0.0,0.5,1040,1009,94,0,2154
010201,049,2022,Census Tract 102.01; Erie County; Pennsylvania,5951,42.9,86.3,0.4,9.0,0.1,4.2,5136,25,535,6,5951
010202,049,2022,Census Tract 102.02; Erie County; Pennsylvania,5275,48.7,97.1,0.0,1.6,0.4,0.9,5120,0,83,23,5275
010301,049,2022,Census Tract 103.01; Erie County; Pennsylvania,4881,43.3,95.9,0.1,0.0,0.0,4.0,4680,4,0,0,4881
010303,049,2022,Census Tract 103.03; Erie County; Pennsylvania,5689,41.3,93.2,1.0,4.0,0.7,1.1,5300,56,225,39,5689
010304,049,2022,Census Tract 103.04; Erie County; Pennsylvania,5404,41.8,93.4,0.2,2.8,0.1,3.5,5050,13,149,7,5404
010400,049,2022,Census Tract 104; Erie County; Pennsylvania,4852,48.5,95.2,0.2,3.5,0.7,0.4,4617,10,169,36,4852
010500,049,2022,Census Tract 105; Erie County; Pennsylvania,3853,50.4,96.4,1.3,0.4,1.5,0.4,3713,49,17,59,3853
010700,049,2022,Census Tract 107; Erie County; Pennsylvania,4309,38.3,87.0,0.7,1.3,3.2,7.8,3748,29,54,136,4309
010800,049,2022,Census Tract 108; Erie County; Pennsylvania,3348,43.9,94.0,1.3,1.5,1.4,1.8,3146,44,49,46,3348
010902,049,2022,Census Tract 109.02; Erie County; Pennsylvania,3923,51.4,91.2,1.9,1.5,3.0,2.4,3577,76,60,119,3923
010903,049,2022,Census Tract 109.03; Erie County; Pennsylvania,6971,38.8,91.6,0.8,1.6,3.1,2.9,6386,57,111,214,6971
010904,049,2022,Census Tract 109.04; Erie County; Pennsylvania,5557,46.1,89.4,1.1,0.3,7.6,1.6,4966,61,18,420,5557
011001,049,2022,Census Tract 110.01; Erie County; Pennsylvania,6790,39.8,87.4,3.2,0.0,2.0,7.4,5932,220,0,135,6790
011002,049,2022,Census Tract 110.02; Erie County; Pennsylvania,4324,42.7,84.0,3.7,2.2,6.9,3.2,3630,161,95,297,4324
011101,049,2022,Census Tract 111.01; Erie County; Pennsylvania,5440,36.5,84.8,3.1,3.6,3.6,4.9,4612,166,195,194,5440
011102,049,2022,Census Tract 111.02; Erie County; Pennsylvania,3151,37.9,82.8,5.7,9.0,0.0,2.5,2609,180,285,0,3151
011201,049,2022,Census Tract 112.01; Erie County; Pennsylvania,4485,45.0,93.9,2.5,1.4,0.0,2.2,4212,112,62,0,4485
011202,049,2022,Census Tract 112.02; Erie County; Pennsylvania,7307,49.6,92.5,0.3,5.8,0.0,1.4,6757,25,421,0,7307
011300,049,2022,Census Tract 113; Erie County; Pennsylvania,3209,36.9,82.5,0.9,5.5,3.6,7.5,2648,29,175,115,3209
011400,049,2022,Census Tract 114; Erie County; Pennsylvania,3818,36.5,86.5,9.8,1.1,0.9,1.7,3302,376,42,36,3818
011503,049,2022,Census Tract 115.03; Erie County; Pennsylvania,3882,45.2,94.5,1.0,1.3,1.4,1.8,3668,37,49,56,3882
011508,049,2022,Census Tract 115.08; Erie County; Pennsylvania,5172,45.4,91.0,0.0,1.9,6.1,1.0,4709,0,99,315,5172
011509,049,2022,Census Tract 115.09; Erie County; Pennsylvania,2676,48.1,95.8,0.0,1.2,0.1,2.9,2563,0,32,2,2676
011510,049,2022,Census Tract 115.10; Erie County; Pennsylvania,2647,53.5,97.9,0.8,0.3,0.6,0.4,2591,22,8,17,2647
011511,049,2022,Census Tract 115.11; Erie County; Pennsylvania,2301,19.8,81.3,4.8,0.8,11.4,1.7,1870,111,19,263,2301
011600,049,2022,Census Tract 116; Erie County; Pennsylvania,4092,39.3,91.0,0.9,1.0,0.4,6.7,3725,37,42,16,4092
011701,049,2022,Census Tract 117.01; Erie County; Pennsylvania,3205,40.2,92.9,0.9,3.4,1.6,1.2,2977,28,108,52,3205
011702,049,2022,Census Tract 117.02; Erie County; Pennsylvania,5367,40.6,91.4,0.9,4.6,0.0,3.1,4904,50,245,0,5367
011801,049,2022,Census Tract 118.01; Erie County; Pennsylvania,2837,36.4,97.8,0.0,1.3,0.2,0.7,2775,1,38,5,2837
011802,049,2022,Census Tract 118.02; Erie County; Pennsylvania,2747,50.1,98.0,0.1,1.0,0.3,0.6,2691,2,27,9,2747
011900,049,2022,Census Tract 119; Erie County; Pennsylvania,6209,42.4,88.6,0.4,3.6,0.6,6.8,5503,23,224,40,6209
012001,049,2022,Census Tract 120.01; Erie County; Pennsylvania,2553,51.3,93.8,0.0,3.4,0.7,2.1,2394,0,88,19,2553
012002,049,2022,Census Tract 120.02; Erie County; Pennsylvania,2937,46.6,92.5,0.0,3.6,0.0,3.9,2717,0,106,0,2937
012100,049,2022,Census Tract 121; Erie County; Pennsylvania,7190,46.1,92.4,0.1,5.4,0.4,1.7,6645,4,391,26,7190
012201,049,2022,Census Tract 122.01; Erie County; Pennsylvania,5996,41.3,94.2,0.9,3.1,0.0,1.8,5651,56,186,0,5996
012202,049,2022,Census Tract 122.02; Erie County; Pennsylvania,4958,24.1,94.3,1.3,2.1,1.0,1.3,4673,62,105,48,4958
012400,049,2022,Census Tract 124; Erie County; Pennsylvania,1322,53.3,85.7,1.6,1.5,1.1,10.1,1133,21,20,15,1322
990000,049,2022,Census Tract 9900; Erie County; Pennsylvania,0,-666666666.0,,,,,,0,0,0,0,0
110100,039,2022,Census Tract 1101; Crawford County; Pennsylvania,6246,34.3,96.3,0.2,1.0,0.2,2.3,6016,13,65,14,6246
110201,039,2022,Census Tract 1102.01; Crawford County; Pennsylvania,3667,46.7,95.5,0.7,1.4,0.0,2.4,3501,26,51,0,3667
110202,039,2022,Census Tract 1102.02; Crawford County; Pennsylvania,4352,39.2,90.8,3.3,3.3,0.6,2.0,3950,145,143,28,4352
110300,039,2022,Census Tract 1103; Crawford County; Pennsylvania,4495,46.3,95.8,1.1,1.7,0.0,1.4,4306,51,76,1,4495
110400,039,2022,Census Tract 1104; Crawford County; Pennsylvania,2536,48.0,94.1,0.0,3.1,0.0,2.8,2387,0,78,1,2536
110501,039,2022,Census Tract 1105.01; Crawford County; Pennsylvania,2071,35.1,95.7,0.0,3.0,0.4,0.9,1981,0,62,8,2071
110502,039,2022,Census Tract 1105.02; Crawford County; Pennsylvania,2815,52.2,96.1,0.0,1.4,0.4,2.1,2706,0,39,12,2815
110600,039,2022,Census Tract 1106; Crawford County; Pennsylvania,2791,48.5,94.2,0.0,1.1,0.0,4.7,2629,0,31,1,2791
110700,039,2022,Census Tract 1107; Crawford County; Pennsylvania,3859,41.5,93.8,1.4,1.8,0.8,2.2,3621,55,70,32,3859
110800,039,2022,Census Tract 1108; Crawford County; Pennsylvania,4851,43.8,94.7,0.9,1.2,0.1,3.1,4592,44,58,6,4851
110900,039,2022,Census Tract 1109; Crawford County; Pennsylvania,2840,49.4,90.7,1.7,1.2,0.3,6.1,2575,49,35,9,2840
111000,039,2022,Census Tract 1110; Crawford County; Pennsylvania,2388,47.3,97.5,0.0,0.9,0.2,1.4,2328,0,22,4,2388
111100,039,2022,Census Tract 1111; Crawford County; Pennsylvania,2842,48.6,91.1,3.2,1.3,1.3,3.1,2590,91,38,38,2842
111200,039,2022,Census Tract 1112; Crawford County; Pennsylvania,2420,37.0,98.3,0.0,0.0,0.8,0.9,2379,0,0,20,2420
111300,039,2022,Census Tract 1113; Crawford County; Pennsylvania,5334,45.1,95.7,0.2,0.7,0.2,3.2,5104,10,35,13,5334
111400,039,2022,Census Tract 1114; Crawford County; Pennsylvania,4690,42.4,97.0,0.0,0.9,0.0,2.1,4548,0,44,0,4690
111500,039,2022,Census Tract 1115; Crawford County; Pennsylvania,5299,36.6,86.1,6.5,0.8,0.8,5.8,4562,347,45,44,5299
111600,039,2022,Census Tract 1116; Crawford County; Pennsylvania,3488,39.8,92.2,2.2,2.7,0.2,2.7,3215,78,95,6,3488
111700,039,2022,Census Tract 1117; Crawford County; Pennsylvania,4478,28.7,84.2,5.9,3.1,2.0,4.8,3772,264,140,91,4478
111800,039,2022,Census Tract 1118; Crawford County; Pennsylvania,5317,52.9,93.5,1.0,0.7,2.6,2.2,4974,53,36,139,5317
111900,039,2022,Census Tract 1119; Crawford County; Pennsylvania,3370,37.3,96.6,0.2,0.3,0.2,2.7,3255,6,9,6,3370
112001,039,2022,Census Tract 1120.01; Crawford County; Pennsylvania,2421,55.4,95.7,0.0,2.2,0.4,1.7,2316,0,53,9,2421
112002,039,2022,Census Tract 1120.02; Crawford County; Pennsylvania,1306,59.8,96.9,0.0,1.9,0.0,1.2,1266,0,25,0,1306
000100,049,2023,Census Tract 1; Erie County; Pennsylvania,1529,62.2,72.3,17.2,7.5,0.8,2.2,1105,263,115,12,1529
000200,049,2023,Census Tract 2; Erie County; Pennsylvania,3562,54.7,87.5,2.0,3.3,4.4,2.8,3117,71,116,158,3562
000300,049,2023,Census Tract 3; Erie County; Pennsylvania,3611,25.7,53.8,24.5,7.7,2.4,11.6,1941,885,278,86,3611
000400,049,2023,Census Tract 4; Erie County; Pennsylvania,1847,43.2,52.4,22.0,11.4,6.2,8.0,967,407,210,115,1847
000500,049,2023,Census Tract 5; Erie County; Pennsylvania,3178,30.4,42.5,45.6,8.7,0.4,2.8,1350,1449,276,14,3178
000600,049,2023,Census Tract 6; Erie County; Pennsylvania,3277,27.6,52.8,23.2,17.8,1.8,4.4,1731,760,584,60,3277
000700,049,2023,Census Tract 7; Erie County; Pennsylvania,2326,33.3,63.5,16.3,13.8,0.0,6.4,1476,378,322,0,2326
000800,049,2023,Census Tract 8; Erie County; Pennsylvania,1875,33.3,44.5,35.3,7.8,2.0,10.4,835,661,147,38,1875
000901,049,2023,Census Tract 9.01; Erie County; Pennsylvania,2218,29.5,66.9,15.6,16.2,1.2,0.1,1484,346,359,26,2218
000902,049,2023,Census Tract 9.02; Erie County; Pennsylvania,2241,22.6,68.2,10.4,12.7,5.4,3.3,1528,234,284,121,2241
001000,049,2023,Census Tract 10; Erie County; Pennsylvania,3036,30.5,70.1,13.6,6.1,2.3,7.9,2127,413,185,71,3036
001100,049,2023,Census Tract 11; Erie County; Pennsylvania,3108,33.6,69.8,1.6,18.5,0.0,10.1,2168,49,575,0,3108
001200,049,2023,Census Tract 12; Erie County; Pennsylvania,2751,35.8,57.8,14.9,7.6,1.2,18.5,1589,409,209,32,2751
001300,049,2023,Census Tract 13; Erie County; Pennsylvania,1687,26.3,38.7,36.0,17.7,0.0,7.6,653,608,298,0,1687
001400,049,2023,Census Tract 14; Erie County; Pennsylvania,2279,37.2,53.8,34.9,3.0,5.9,2.4,1226,795,69,134,2279
001500,049,2023,Census Tract 15; Erie County; Pennsylvania,2797,25.4,24.1,37.3,26.9,2.7,9.0,675,1044,752,76,2797
001600,049,2023,Census Tract 16; Erie County; Pennsylvania,4055,42.4,64.8,14.1,5.9,9.2,6.0,2628,573,238,374,4055
001700,049,2023,Census Tract 17; Erie County; Pennsylvania,2516,35.9,49.1,37.2,4.8,2.3,6.6,1235,937,121,57,2516
001800,049,2023,Census Tract 18; Erie County; Pennsylvania,1985,33.3,30.3,52.6,6.9,4.2,6.0,602,1045,137,83,1985
001900,049,2023,Census Tract 19; Erie County; Pennsylvania,1718,56.9,82.5,8.8,7.3,1.3,0.1,1417,152,126,22,1718
002000,049,2023,Census Tract 20; Erie County; Pennsylvania,3183,31.6,67.5,8.0,12.5,4.7,7.3,2150,255,399,151,3183
002100,049,2023,Census Tract 21; Erie County; Pennsylvania,3563,40.6,89.3,7.2,1.1,0.0,2.4,3180,255,40,0,3563
002200,049,2023,Census Tract 22; Erie County; Pennsylvania,3675,37.5,79.4,6.8,2.8,0.1,10.9,2919,249,104,2,3675
002300,049,2023,Census Tract 23; Erie County; Pennsylvania,2330,42.4,82.7,5.2,5.8,0.0,6.3,1927,122,136,0,2330
002400,049,2023,Census Tract 24; Erie County; Pennsylvania,3239,29.8,67.3,3.9,9.2,0.0,19.6,2181,127,299,0,3239
002500,049,2023,Census Tract 25; Erie County; Pennsylvania,2373,35.4,56.6,18.7,7.6,1.6,15.5,1343,443,180,39,2373
002600,049,2023,Census Tract 26; Erie County; Pennsylvania,3966,38.2,70.5,9.4,9.1,3.6,7.4,2797,373,360,142,3966
002700,049,2023,Census Tract 27; Erie County; Pennsylvania,6558,39.8,78.5,8.5,9.2,0.1,3.7,5146,555,605,7,6558
002800,049,2023,Census Tract 28; Erie County; Pennsylvania,6617,29.5,81.8,4.0,2.8,3.5,7.9,5415,263,184,231,6617
002900,049,2023,Census Tract 29; Erie County; Pennsylvania,2787,48.3,92.4,2.4,1.9,0.6,2.7,2576,66,54,17,2787
003000,049,2023,Census Tract 30; Erie County; Pennsylvania,4269,35.0,77.8,7.2,3.7,5.4,5.9,3321,306,158,231,4269
010101,049,2023,Census Tract 101.01; Erie County; Pennsylvania,3061,45.1,94.0,0.3,1.3,0.8,3.6,2878,9,40,25,3061
010103,049,2023,Census Tract 101.03; Erie County; Pennsylvania,1938,48.9,94.4,0.0,1.0,0.0,4.6,1829,0,19,0,1938
010104,049,2023,Census Tract 101.04; Erie County; Pennsylvania,2379,46.6,93.2,1.4,2.2,0.3,2.9,2218,33,52,8,2379
010107,049,2023,Census Tract 101.07; Erie County; Pennsylvania,1269,45.6,95.4,1.4,0.9,0.6,1.7,1211,18,12,8,1269
010108,049,2023,Census Tract 101.08; Erie County; Pennsylvania,2180,41.4,51.7,43.7,4.4,0.0,0.2,1126,953,96,0,2180
010201,049,2023,Census Tract 102.01; Erie County; Pennsylvania,5880,44.8,91.0,0.5,4.1,0.1,4.3,5352,28,241,8,5880
010202,049,2023,Census Tract 102.02; Erie County; Pennsylvania,5307,49.1,97.0,0.0,1.4,0.4,1.2,5146,0,74,22,5307
010301,049,2023,Census Tract 103.01; Erie County; Pennsylvania,4887,44.3,96.7,0.1,0.1,0.0,3.1,4727,5,6,0,4887
010303,049,2023,Census Tract 103.03; Erie County; Pennsylvania,5884,39.8,94.9,0.2,1.4,2.8,0.7,5584,12,83,164,5884
010304,049,2023,Census Tract 103.04; Erie County; Pennsylvania,5272,44.8,94.2,0.2,2.0,0.1,3.5,4967,8,107,5,5272
010400,049,2023,Census Tract 104; Erie County; Pennsylvania,4410,48.7,92.8,0.3,5.2,1.0,0.7,4093,12,230,44,4410
010500,049,2023,Census Tract 105; Erie County; Pennsylvania,3842,48.9,95.7,1.4,1.8,0.7,0.4,3676,55,68,26,3842
010700,049,2023,Census Tract 107; Erie County; Pennsylvania,4137,39.7,85.8,0.6,1.5,3.4,8.7,3551,26,61,140,4137
010800,049,2023,Census Tract 108; Erie County; Pennsylvania,3397,43.6,90.7,4.3,1.8,1.2,2.0,3081,145,61,42,3397
010902,049,2023,Census Tract 109.02; Erie County; Pennsylvania,4002,51.5,90.9,1.9,2.0,2.8,2.4,3637,75,79,114,4002
010903,049,2023,Census Tract 109.03; Erie County; Pennsylvania,7263,37.2,86.5,1.0,2.8,5.3,4.4,6285,74,204,386,7263
010904,049,2023,Census Tract 109.04; Erie County; Pennsylvania,5539,45.6,87.8,1.4,0.3,7.8,2.7,4863,78,19,434,5539
011001,049,2023,Census Tract 110.01; Erie County; Pennsylvania,6990,39.4,87.3,2.9,0.0,2.9,6.9,6104,205,0,200,6990
011002,049,2023,Census Tract 110.02; Erie County; Pennsylvania,4102,56.9,81.9,5.0,3.8,4.5,4.8,3358,206,157,186,4102
011101,049,2023,Census Tract 111.01; Erie County; Pennsylvania,5424,37.1,86.4,2.8,3.2,4.3,3.3,4687,151,172,232,5424
011102,049,2023,Census Tract 111.02; Erie County; Pennsylvania,3233,37.8,81.9,4.2,11.2,0.0,2.7,2649,135,361,0,3233
011201,049,2023,Census Tract 112.01; Erie County; Pennsylvania,4470,45.0,94.8,2.6,0.7,0.0,1.9,4237,115,30,0,4470
011202,049,2023,Census Tract 112.02; Erie County; Pennsylvania,7303,50.0,95.3,0.9,2.9,0.0,0.9,6958,66,209,0,7303
011300,049,2023,Census Tract 113; Erie County; Pennsylvania,3189,37.9,84.9,0.9,5.0,2.8,6.4,2709,29,161,88,3189
011400,049,2023,Census Tract 114; Erie County; Pennsylvania,3786,38.9,85.1,11.9,0.5,0.6,1.9,3221,452,20,21,3786
011503,049,2023,Census Tract 115.03; Erie County; Pennsylvania,3799,45.1,92.5,1.6,2.2,1.9,1.8,3515,59,85,72,3799
011508,049,2023,Census Tract 115.08; Erie County; Pennsylvania,5109,46.9,90.0,0.0,2.9,5.7,1.4,4599,0,150,291,5109
011509,049,2023,Census Tract 115.09; Erie County; Pennsylvania,2754,47.0,93.5,1.2,1.4,0.0,3.9,2575,34,39,1,2754
011510,049,2023,Census Tract 115.10; Erie County; Pennsylvania,2798,53.1,96.9,0.0,0.5,1.1,1.5,2711,0,14,31,2798
011511,049,2023,Census Tract 115.11; Erie County; Pennsylvania,2177,20.0,81.0,4.8,2.7,10.0,1.5,1764,104,58,218,2177
011600,049,2023,Census Tract 116; Erie County; Pennsylvania,4069,42.9,91.0,1.2,1.6,0.7,5.5,3702,48,64,29,4069
011701,049,2023,Census Tract 117.01; Erie County; Pennsylvania,3003,41.9,93.5,0.3,3.5,1.8,0.9,2808,8,106,54,3003
011702,049,2023,Census Tract 117.02; Erie County; Pennsylvania,5445,40.9,90.1,0.2,4.3,0.0,5.4,4906,9,236,0,5445
011801,049,2023,Census Tract 118.01; Erie County; Pennsylvania,2707,37.6,97.5,0.1,1.3,0.3,0.8,2638,4,35,9,2707
011802,049,2023,Census Tract 118.02; Erie County; Pennsylvania,2724,50.4,97.7,0.0,1.3,0.2,0.8,2660,0,35,6,2724
011900,049,2023,Census Tract 119; Erie County; Pennsylvania,6162,37.8,86.6,0.5,5.4,0.4,7.1,5339,31,331,25,6162
012001,049,2023,Census Tract 120.01; Erie County; Pennsylvania,2514,51.5,93.9,0.0,3.0,0.7,2.4,2361,0,76,18,2514
012002,049,2023,Census Tract 120.02; Erie County; Pennsylvania,2911,47.2,90.7,0.0,4.9,0.0,4.4,2641,0,142,0,2911
012100,049,2023,Census Tract 121; Erie County; Pennsylvania,7310,44.9,94.7,0.1,3.6,0.2,1.4,6923,4,264,13,7310
012201,049,2023,Census Tract 122.01; Erie County; Pennsylvania,6164,41.2,95.0,1.0,2.7,0.0,1.3,5853,63,168,0,6164
012202,049,2023,Census Tract 122.02; Erie County; Pennsylvania,5303,23.6,91.4,1.7,3.5,1.3,2.1,4849,88,187,69,5303
012400,049,2023,Census Tract 124; Erie County; Pennsylvania,1295,50.6,88.7,1.0,1.2,0.5,8.6,1149,13,15,7,1295
990000,049,2023,Census Tract 9900; Erie County; Pennsylvania,0,-666666666.0,,,,,,0,0,0,0,0
110100,039,2023,Census Tract 1101; Crawford County; Pennsylvania,6247,35.4,95.5,0.4,1.6,0.2,2.3,5964,22,100,14,6247
110201,039,2023,Census Tract 1102.01; Crawford County; Pennsylvania,3658,47.1,95.5,0.3,1.4,0.0,2.8,3494,11,51,0,3658
110202,039,2023,Census Tract 1102.02; Crawford County; Pennsylvania,4254,40.3,89.8,3.6,3.9,0.3,2.4,3818,154,167,14,4254
110300,039,2023,Census Tract 1103; Crawford County; Pennsylvania,4444,46.3,95.3,0.7,2.1,0.0,1.9,4235,29,92,1,4444
110400,039,2023,Census Tract 1104; Crawford County; Pennsylvania,2542,46.9,93.1,0.0,2.4,0.0,4.5,2366,0,60,1,2542
110501,039,2023,Census Tract 1105.01; Crawford County; Pennsylvania,1936,35.5,95.8,0.0,3.0,0.0,1.2,1855,0,58,0,1936
110502,039,2023,Census Tract 1105.02; Crawford County; Pennsylvania,2779,54.4,94.2,0.0,1.8,0.8,3.2,2618,0,49,22,2779
110600,039,2023,Census Tract 1106; Crawford County; Pennsylvania,2752,47.8,97.5,0.0,0.4,0.1,2.0,2684,0,12,3,2752
110700,039,2023,Census Tract 1107; Crawford County; Pennsylvania,3806,41.2,93.0,1.7,2.3,0.8,2.2,3538,65,89,30,3806
110800,039,2023,Census Tract 1108; Crawford County; Pennsylvania,4842,44.6,94.1,1.6,1.1,0.1,3.1,4556,77,53,6,4842
110900,039,2023,Census Tract 1109; Crawford County; Pennsylvania,2797,48.9,89.6,1.0,1.9,0.5,7.0,2507,27,54,14,2797
111000,039,2023,Census Tract 1110; Crawford County; Pennsylvania,2347,45.4,96.7,0.0,0.7,0.2,2.4,2270,0,17,4,2347
111100,039,2023,Census Tract 1111; Crawford County; Pennsylvania,2850,47.9,89.5,3.1,1.5,1.8,4.1,2551,88,44,51,2850
111200,039,2023,Census Tract 1112; Crawford County; Pennsylvania,2380,39.4,98.9,0.0,0.2,0.2,0.7,2354,0,4,4,2380
111300,039,2023,Census Tract 1113; Crawford County; Pennsylvania,5306,47.2,95.1,0.2,0.7,0.3,3.7,5045,8,37,17,5306
111400,039,2023,Census Tract 1114; Crawford County; Pennsylvania,4446,45.0,97.4,0.0,0.0,0.0,2.6,4332,0,0,0,4446
111500,039,2023,Census Tract 1115; Crawford County; Pennsylvania,4828,37.1,85.8,8.3,0.3,1.0,4.6,4141,400,14,47,4828
111600,039,2023,Census Tract 1116; Crawford County; Pennsylvania,3670,39.2,93.2,1.7,1.9,0.0,3.2,3420,64,70,0,3670
111700,039,2023,Census Tract 1117; Crawford County; Pennsylvania,4788,29.0,85.3,6.0,3.7,2.4,2.6,4086,289,179,114,4788
111800,039,2023,Census Tract 1118; Crawford County; Pennsylvania,5281,52.3,92.8,1.2,0.4,1.9,3.7,4899,64,22,98,5281
111900,039,2023,Census Tract 1119; Crawford County; Pennsylvania,3450,37.3,95.5,0.3,0.4,0.1,3.7,3294,10,15,5,3450
112001,039,2023,Census Tract 1120.01; Crawford County; Pennsylvania,2485,53.7,96.4,0.0,1.9,0.4,1.3,2396,0,48,10,2485
112002,039,2023,Census Tract 1120.02; Crawford County; Pennsylvania,1301,60.5,96.4,0.0,2.6,0.0,1.0,1254,0,34,0,1301
